eng,amh
"Wubei wub abeba, ende-duroachin
","ዉቤ ዉብ አበባ: አንደ ዱሮአችን
"
"Wubei wub abeba, ende-duroachin
","ዉቤ ዉብ አበባ: አንደ ዱሮአችን
"
"Hodei telemenegn, enihun abren
","ሆዴ ተለመነኝ: እንሁን አብረን
"
"Hodei telemenegn, enihun abren
","ሆዴ ተለመነኝ: እንሁን አብረን
"
"Lemedk wey fiQrei, ante anjetei hoy
","ለመድክ ወይ ፍቅሬ: አንተ አንጀቴ ሆይ
"
"Lemedk wey fiQrei, ante anjetei hoy
","ለመድክ ወይ ፍቅሬ: አንተ አንጀቴ ሆይ
"
"FiQir kenei leyla, tesmamah woy
","ፍቅር ከኔ ሌላ: ተስማማህ ሆይ
"
"Besebara folei, wuha ayTeleQim
","በሰባራ ፎሌ: ውሃ አይጠለቅም
"
"Besebara folei, wuha ayTeleQim
","በሰባራ ፎሌ: ውሃ አይጠለቅም
"
"Enei ewodihalehu, yanten gin alaQim
","እኔ እወድሃልሁ: ያንተን ግን አላቅም
"
"Enei ewodihalehu, yanten gin alaQim
","እኔ እወድሃልሁ: ያንተን ግን አላቅም
"
"FiQrihin lenei titeh, sit’heid wede-leyla
","ፍቅርህን ለኔ ትተህ: ስትሄድ ወደ ሌላ
"
"FiQrihin lenei titeh, sit’heid wede-leyla
","ፍቅርህን ለኔ ትተህ: ስትሄድ ወደ ሌላ
"
"Tinish teseQayehu, akalhin salbela
","ትንሽ ተሰቃየሁ: አካልህን ሳልበላ
"
"Tinish teseQayehu, akalhin salbela
","ትንሽ ተሰቃየሁ: አካልህን ሳልበላ
"
"Anjetei teQorTo, kehodei keweTa
","አንጀቴ ተቆርጦ: ከሆዴ ከወጣ
"
"Anjetei teQorTo, kehodei keweTa
","አንጀቴ ተቆርጦ: ከሆዴ ከወጣ
"
"Engideeh hakeemu, min leeQeTil meTa
","እንግዲህ ሐኪሙ: ምን ሊቀጥል መጣ
"
"Engideeh hakeemu, min leeQeTil meTa
","እንግዲህ ሐኪሙ: ምን ሊቀጥል መጣ
"
"Ante weret lante, kemeseleh melkam
","አንተ ወረት ላንተ: ከመሰለህ መልካም
"
"Ante weret lante, kemeseleh melkam
","አንተ ወረት ላንተ: ከመሰለህ መልካም
"
"AfeQralehu leyla, enein ayaQitegnim
","አፈቅራለሁ ሌላ: እኔን አያቅተኝም
"
"AfeQralehu leyla, enein ayaCHenQegnim
","እወዳለሁ ሌላ: እኔን አይጨንቀኝም
"
"Wubei wub abeba, ende-duroachin
","ዉቤ ዉብ አበባ: አንደ ዱሮአችን
"
"Wubei wub abeba, ende-duroachin
","ዉቤ ዉብ አበባ: አንደ ዱሮአችን
"
"Hodei telemenegn, enihun abren
","ሆዴ ተለመነኝ: እንሁን አብረን
"
"Hodei telemenegn, enihun abren
","ሆዴ ተለመነኝ: እንሁን አብረን
"
"Lemedk wey fiQrei, ante anjetei hoy
","ለመድክ ወይ ፍቅሬ: አንተ አንጀቴ ሆይ
"
"Lemedk wey fiQrei, ante anjetei hoy
","ለመድክ ወይ ፍቅሬ: አንተ አንጀቴ ሆይ
"
"FiQir kenei leyla, tesmamah woy
","ፍቅር ከኔ ሌላ: ተስማማህ ሆይ
"
"Besebara folei, wuha ayTeleQim
","በሰባራ ፎሌ: ውሃ አይጠለቅም
"
"Besebara folei, wuha ayTeleQim
","በሰባራ ፎሌ: ውሃ አይጠለቅም
"
"Enei ewodihalehu, yanten gin alaQim
","እኔ እወድሃልሁ: ያንተን ግን አላቅም
"
"Enei ewodihalehu, yanten gin alaQim
","እኔ እወድሃልሁ: ያንተን ግን አላቅም
"
"Enei ewodihalehu, yanten gin alaQim
","እኔ እወድሃልሁ: ያንተን ግን አላቅም
"
"Enei ewodihalehu, yanten gin alaQim
","እኔ እወድሃልሁ: ያንተን ግን አላቅም
"
"Enei ewodihalehu, yanten gin alaQim",እኔ እወድሃልሁ: ያንተን ግን አላቅም
"FiQir yenei shimunmun, fiQir yenei shimunmun
","ፍቅር የኔ ሽሙንሙን: ፍቅር የኔ ሽቅርቅር
"
"FiQrei yenei shimunmun, fiQrei yenei shiQirQir
","ፍቅሬ የኔ ሽሙንሙን: ፍቅሬ የኔ ሽቅርቅር
"
"Hodei enei anten, miyalehu ena limTa woy liQir
","ሆዴ እኔ አንተን: ምያለሁ እና ልምጣ ወይ ልቅር
"
"FiQir yenei shimunmun, fiQir yenei shimunmun
","ፍቅር የኔ ሽሙንሙን: ፍቅር የኔ ሽቅርቅር
"
"FiQrei yenei shimunmun, fiQrei yenei shiQirQir
","ፍቅር የኔ ሽሙንሙን: ፍቅር የኔ ሽቅርቅር
"
"Hodei enei anten, miyalehu ena limTa woy liQir
","ሆዴ እኔ አንተን: ምያለሁ እና ልምጣ ወይ ልቅር
"
"Wodajei hoy, minewu chila alkegn
","ዎዳጄ ሆይ: ምነው ችላ አልከኝ
"
"Minewu chila alkegn
","ምነው ችላ አልከኝ
"
"ACHawutegn bakih, des yibelegn
","አጫውተኝ ባክህ: ደስ ይበለኝ
"
"Des yibelegn
","ደስ ይበለኝ
"
"Qenu andei yimeshina, leitu endeenegalign
","ቀኑ አንዴ ይመሽና: ሌቱ አንዲነጋልኝ
"
"Leitu endeenegalign
","ሌቱ አንዲነጋልኝ
"
"Qenu andei yimeshina, leitu endeenegalign
","ቀኑ አንዴ ይመሽና: ሌቱ አንዲነጋልኝ
"
"Leitu endeenegalign
","ሌቱ አንዲነጋልኝ
"
"FiQrei Qereb bileh, iyewu yelibein gudein
","ፍቅሬ ቀረብ ብለህ: እየዉ የልቤን ጉዴን
"
"FiQrei Qereb bileh, iyewu yelibein gudein
","ፍቅሬ ቀረብ ብለህ: እየዉ የልቤን ጉዴን
"
"Qelel adirgewu, Qelel adirgewu, kebadun nafQotein
","ቀለል አድርገው: ቀለል አድርገው: ከባዱን ናፍቆቴን
"
"Yantema fegegta, ketos ayileyegn
","ያንተማ ፈገግታ: ከቶስ አይለየኝ
"
"Ketos ayileyegn
","ከቶስ አይለየኝ
"
"Mechei newu Tegibei, esun yemayewu
","መቼ ነው ጠግቤ አሱን የማየው
"
"Esun yemayewu
","አሱን የማየው
"
"Eneis des yemeelegn, yemeesemagn kibir
","እኔን ደስ የሚለኝ: የሚሰማኝ ክብር
"
"Yemeesemagn kibir
","የሚሰማኝ ክብር
"
"Anten yagegnehu let, benuro tidar?
","አንተን ያገኘሁ ለት: በኑሮ ትዳር ???
"
"Benuro tidar
","በኑሮ ትዳር
"
"FiQrei yenei shimunmun, fiQrei yenei shiQirQir
","ፍቅሬ የኔ ሽሙንሙን: ፍቅሬ የኔ ሽቅርቅር
"
"FiQir yenei shimunmun, fiQir yenei shiQirQir
","ፍቅር የኔ ሽሙንሙን: ፍቅር የኔ ሽቅርቅር
"
"Hodei enei anten, miyalehu ena limTa woy liQir
","ሆዴ እኔ አንተን: ምያለሁ እና ልምጣ ወይ ልቅር
"
"FIQir engida nech, asibehat endehon
","ፍቅር አንግዳ ነች: አስበሀት አንደሆን
"
"Asibehat endehon
","አስበሀት አንደሆን
"
"Tidar misosowun, wuha Qeleb hono
","ትዳር ምሶሶውን ዉሃ ቀልብ ሆኖ
"
"FiQrei Qereb bileh, iyewu yelibein gudein
","ፍቅሬ ቀረብ ብለህ: እየዉ የልቤን ጉዴን
"
"FiQrei Qereb bileh, iyewu yelibein gudein
","ፍቅሬ ቀረብ ብለህ: እየዉ የልቤን ጉዴን
"
"Qelel adirgewu, Qelel adirgewu, kebadun nafQotein
","ቀለል አድርገው: ቀለል አድርገው: ከባዱን ናፍቆቴን
"
"Qelel adirgewu, Qelel adirgewu, kebadun nafQotein","ቀለል አድርገው: ቀለል አድርገው: ከባዱን ናፍቆቴን
"
"Ehhhh….
",ቀለል አድርገው: ቀለል አድርገው: ከባዱን ናፍቆቴን
"Ineys banchi fiQir, tamimey tamimey
","እህህህህህ
"
"NeTefe, siga’na demey
","እኔስ ባንቺ ፍቅር: ታምሜ ታምሜ
"
"Mikerew mikerew, kesemah
","ነጠፈ: ስጋና ደሜ
"
"Be’Abewu terett
","ምክረው ምከረው: ከሰማህ
"
"Genzeb yemeegegnewu, be haya
","በአበው ተረት
"
"Lib be arba amet
","ገንዘብ የሚገኘው: በሃያ
"
"Alechign, imma taziba
","ልብ በአርባ ዓመት
"
"BefiQrish, ziye sigeba
","አለችኝ: እማ ታዝባ
"
"Simegnish, sayish dekimey
","በፍቅርሽ: ዝዬ ስገባ
"
"NeTefe, siga’na demey
","ስመኝሽ: ሳይሽ ደክሜ
"
"Siga’na demey, siga’na demey
","ነጠፈ: ስጋና ደሜ
"
"Siga’na demey, siga’na demey
","ስጋና ደሜ: ስጋና ደሜ
"
"Lib aTto, saydekim yemeeTor
","ስጋና ደሜ: ስጋና ደሜ
"
"Begolma’sinetu
","ልብ አጥቶ: ሳይደክም የሚጦር
"
"Indeney, befiQir yeraQe
","በጎልማስነቱ
"
"Moltual beyebeitu
","እንደኔ: በፍቅር የራቀ
"
"Lik aydelem wey, yemma teretu
","ሞልቷል በየቤቱ
"
"FiQrin asabo, sewu seeQemeT beitu
","ልክ አይደለም ወይ: የእማ ተረቱ
"
"Eneys yalanchi, ayhonilign
","ፍቅርን አሳቦ: ሰው ሲቀመጥ ቤቱ
"
"Lib aTichalehu, ere enjalign
","እኔስ ያላንቺ: አይሆንልኝ
"
"Kanchi leyla, wede huala
","ልብ አጥቻለሁ: ኧረ እንጃልኝ
"
"Kanchi wuCHi, wede wuCHi
","ካንቺ ሌላ: ወደ ኋላ
"
"Kanchi leyla, wede huala
","ካንቺ ዉጪ: ወደ ውጪ
"
"Kanchi wuCHi, wede wuCHi
","ካንቺ ሌላ: ወደ ኋላ
"
"Wede huala, wede WuCHi
","ካንቺ ዉጪ: ወደ ውጪ
"
"Wede huala
","ወደ ኋላ: ወደ ውጪ
"
"Mikerew mikerew, kesemah
","ወደ ኋላ
"
"Be’Abewu terett
","ምክረው ምከረው: ከሰማህ
"
"Genzeb yemeegegnewu, be haya
","በአበው ተረት
"
"Lib be arba amet
","ገንዘብ የሚገኘው: በሃያ
"
"Alechign, imma taziba
","ልብ በአርባ ዓመት
"
"BefiQrish, ziye sigeba
","አለችኝ: እማ ታዝባ
"
"Simegnish, sayish dekimey
","በፍቅርሽ: ዝዬ ስገባ
"
"NeTefe, siga’na demey
","ስመኝሽ: ሳይሽ ደክሜ
"
"Siga’na demey, siga’na demey
","ነጠፈ: ስጋና ደሜ
"
"Siga’na demey, siga’na demey
","ስጋና ደሜ: ስጋና ደሜ
"
"Indayhon, lam-alegn besemay
","ስጋና ደሜ: ስጋና ደሜ
"
"Wetetuanim alay
","እንዳይሆን: ላም አለኝ በሰማይ
"
"ATicheish, ewun sayhon teretu
","ወተቷንም አላይ
"
"Eshi beyign ittu
","አጥቼሽ: እዉን ሳይሆን ተረቱ
"
"Lik aydelem wey, yemma teretu
","እሺ በይኝ እቱ
"
"Sewu beitu seeQer,kene-mignotu
","ልክ አይደለም ወይ: የእማ ተረቱ
"
"IndaliQemeT, Tirrei indibela
","ሰው ቤቱ ሲቀር: ከነ ምኞቱ
"
"Wudei libishin, alkut adera
","እንዳልቀመጥ: ጥሬ እንድበላ
"
"Eneys yalanchi, ayhonilign
","ውዴ ልብሽን: አልኩት አደራ
"
"Lib aTichalehu, ere enjalign
","እኔስ ያላንቺ: አይሆንልኝ
"
"Kanchi leyla, wede huala
","ልብ አጥቻለሁ: ኧረ እንጃልኝ
"
"Kanchi wuCHi, wede wuCHi
","ካንቺ ሌላ: ወደ ኋላ
"
"Kanchi leyla, wede huala
","ካንቺ ዉጪ: ወደ ውጪ
"
"Kanchi wuCHi, wede wuCHi
","ካንቺ ሌላ: ወደ ኋላ
"
"Kanchi leyla, wede huala
","ካንቺ ዉጪ: ወደ ውጪ
"
"Kanchi wuCHi, wede wuCHi
","ካንቺ ሌላ: ወደ ኋላ
"
"Kanchi leyla, wede huala
","ካንቺ ዉጪ: ወደ ውጪ
"
"Kanchi wuCHi, wede wuCHi
","ካንቺ ሌላ: ወደ ኋላ
"
"Wede huala, wede WuCHi
","ካንቺ ዉጪ: ወደ ውጪ
"
Wede huala,"ካንቺ ሌላ: ወደ ኋላ
"
"Manew yalew, alilim alTeyiQim
","ካንቺ ዉጪ: ወደ ውጪ
"
"Manew yalew, biyem aliCHeneQim
","ካንቺ ሌላ: ወደ ኋላ
"
"Manew yalew, minalugn degmo biye
","ካንቺ ዉጪ: ወደ ውጪ
"
"LalQom neger, kemenged keguzoye
","ወደ ኋላ: ወደ ውጪ
"
"Manew yalew biye, iney sewu alweQsim
",ወደ ኋላ: ወደ ውጪ
"Manew yalew, wusTeyn layawQew manim
","ማነው ያለው አልልም አልጠይቅም፣
"
"Manew yalew, siQo malef metew newu
","ማነው ያለው ብዬም አልጨነቅም፣
"
"Yemianorim yeseram, deg abat newu
","ማነው ያለው ምን አሉኝ ደግሞ ብዬ፣
"
"Aaaaayyy
","ላልቆም ነገር ከመንገድ ከጉዞዬ።
"
"Leman biye, badonet lemolaw
","ማነው ያለው ብዬ እኔ ሰው አልወቅስም፣
"
"Leman biye, legelebaw kibrey
","ማነው ያለው ውስጤን ላያውቀው ማንም፣
"
"Leman biye, kabedew gar libed
","ማነው ያለው ስቆ ማለፍ መተው ነው፣
"
"Leman biye, keTefaw abirey
","የሚያኖርም የሰራም ደግ አባት ነው።
"
"Leman biye, illih tegabichey
","አአአአአአይይይ
"
"CHekagn lihun, merarateyn tichey
","ለማን ብዬ ባዶነት ለሞላው፥
"
"Leman biye, baltere’gageTe
","ለማን ብዬ ለገለባው ክብሬ፣
"
"Leman biye, mereyt baregeTe
","ለማን ብዬ ካበደው ጋር ልበድ፥
"
"Leman biye, bedelebe werey
","ለማን ብዬ ከጠፋው አብሬ፣
"
"Leman biye, bewelede berey
","ለማን ብዬ እልህ ተጋብቼ፥
"
"Leman biye, siTotaw selameyn
","ጨካኝ ልሁን መራራቴን ትቼ።
"
"Leman biye, lineTeQ destayen
","ለማን ብዬ ባልተረጋገጠ፣
"
"Manew yalew kalkugn, bizu issemalehu
","ለማን ብዬ መሬት ባረገጠ፣
"
"Manew yalew biliss, manin amnalehu
","ለማን ብዬ በደለበ ወሬ፣
"
"Manew yalew, awuQewalehu baay bizu
","ለማን ብዬ በወለደ በሬ፣
"
"Bemolabet yadekmal, guaz mezezu
","ለማን ብዬ ስጦታው ሰላሜን፣
"
"Ehhhhh aahhhhh
","ለማን ብዬ ልነጠቅ ደስታዬን።
"
"Erasin kibbo, lekibir zina
","ማነው ያለው ካልኩኝ ብዙ እሰማለሁ፣
"
"Yiramedal sewu, besewu godana
","ማነው ያለው ብልስ ማንን አምናለሁ፣
"
"Molto laymola, leshinQur nuro
","ማነው ያለው አውቀዋለሁ ባይ ብዙ፣
"
"Endeyt yigefal, yihey teCHemiro
","በሞላበት ያደክማል ጓዝ መዘዙ።
"
"Sewu leQursu, ejun aTaTfo
","እ እ እ እ እህ እህ . . . እ እ እ እ እህ እህ . . .
"
"CHaf yizo meheyd, hodun taQifo
","እራስን ክቦ ለክብር ዝና፣
"
"Lalayut ewunet, allu layreba
","ይራመዳል ሰው በሰው ጎዳና፣
"
"Seenegruh wilewu, sat’sema giba
","ሞልቶ ላይሞላ ለሽንቁር ኑሮ፣
"
"Seenegruh wilewu, sat’sema giba
","እንዴት ይገፋል ይሄ ተጨምሮ፣
"
"Seenegruh beewal, satamin giba
","ሰው ለቁርሱ እጁን አጣጥፎ፣
"
"Aaaaayyy…hmmmm
","ጫፍ ይዞ መሄድ ሆዱን ታቅፎ፣
"
"Manew yalew, alilim alTeyiQim
","ላላዩት እውነት አሉ ላይረባ፣
"
"Manew yalew, biyem aliCHeneQim
","ሲነግሩህ ውለው ሳትሰማ ግባ፣
"
"Manew yalew, minalugn degmo biye
","ሲነግሩህ ውለው ሳትሰማ ግባ፣
"
"LalQom neger, kemenged keguzoye
","ሲነግሩህ ቢዋል ሳታምን ግባ።
"
"Manew yalew biye, iney sewu aliweQsim
","አአአአአአይይይ…ምምምም
"
"Manew yalew, wusTeyn layawuQew manim
","ማነው ያለው አልልም አልጠይቅም፣
"
"Manew yalew, siQo malef metew newu
","ማነው ያለው ብዬም አልጨነቅም፣
"
"Yemianorih yeseram, deg abat newu
","ማነው ያለው ምን አሉኝ ደግሞ ብዬ፣
"
"Aaaaayyy…hmmmm
","ላልቆም ነገር ከመንገድ ከጉዞዬ።
"
"Leman biye, alegn yalut bemdir
","ማነው ያለው ብዬ እኔ ሰው አልወቅስም፣
"
"Leman biye, feTno lemiasafir
","ማነው ያለው ውስጤን ላያውቀው ማንም፣
"
"Leman biye, kezemeney sifir
","ማነው ያለው ስቆ ማለፍ መተው ነው፣
"
"Leman biye, QinTat lemalCHemir
","የሚያኖርህ የሰራም ደግ አባት ነው።
"
"Leman biye, wedaj lafra biye
","እ እ እ እ እህ እህ . . . እ እ እ እ እህ እህ . .
"
"Yesew ladeniQ, yeneyn Qen gediye
","ለማን ብዬ አለኝ ያሉት በምድር፣
"
"Leman biye, Qalat kemaymerTew
","ለማን ብዬ ፈጥኖ ለሚያሳፍር፣
"
"Leman biye, leket-kaTa andebet
","ለማን ብዬ ከዘመኔ ስፍር፣
"
"Leman biye, kemayTeQim mikir
","ለማን ብዬ ቅንጣት ለማልጨምር፣
"
"Leman biye, ergiman kalebet
","ለማን ብዬ ወዳጅ ላፍራ ብዬ፣
"
"Leman biye, yekokob dimQeteyn
","የሰው ላድንቅ የኔን ቀን ገድዬ።
"
"Leman biye, laTfaw manineteyn
","ለማን ብዬ ቃላት ከማይመርጠው፥
"
"Manew yalew kalkugn, bizu issemalehu
","ለማን ብዬ ለከት ካጣ አንደበት፣
"
"Manew yalew biliss, manin amnalehu
","ለማን ብዬ ከማይጠቅም ምክር፥
"
"Manew yalew, awuQewalehu baay bizu
","ለማን ብዬ እርግማን ካለበት፣
"
"Bemolabet yadekmal, guaz mezezu
","ለማን ብዬ የኮኮብ ድምቀቴን፣
"
"Ehhhhh aahhhhh
","ለማን ብዬ ላጥፋው ማንነቴን።
"
"Erasin kibbo, lekibir zina
","ማነው ያለው ካልኩኝ ብዙ እሰማለሁ፣
"
"Yiramedal sewu, besewu godana
","ማነው ያለው ብልስ ማንን አምናለሁ፣
"
"Molto laymola, leshinQur nuro
","ማነው ያለው አውቀዋለሁ ባይ ብዙ፣
"
"Endeyt yigefal, yih teCHemiro
","በሞላበት ያደክማል ጓዝ መዘዙ።
"
"Sewu leQursu, ejun aTaTfo
","እ እ እ እ እህ እህ . . . እ እ እ እ እህ እህ . . .
"
"CHaf yizo meheyd, hodun taQifo
","እራስን ክቦ ለክብር ዝና፣
"
"Lalayut ewunet, allu layreba
","ይራመዳል ሰው በሰው ጎዳና፣
"
"Seenegruh wilewu, sat’sema giba
","ሞልቶ ላይሞላ ለሽንቁር ኑሮ፣
"
"Seenegruh wilewu, sat’sema giba
","እንዴት ይገፋል ይህ ተጨምሮ፣
"
"Seenegruh beewal, satamin giba
","ሰው ለቁርሱ እጁን አጣጥፎ፣
"
"Seenegruh wilewu, sat’sema giba
","ጫፍ ይዞ መሄድ ሆዱን ታቅፎ፣
"
"Allu tebalen, satamin giba
","ላላዩት እውነት አሉ ላይረባ፣
"
Aaaaayyy…hmmmm,"ሲነግሩህ ውለው ሳትሰማ ግባ፣
"
"Zimm kemil biyei, binager techakuye
","ሲነግሩህ ውለው ሳትሰማ ግባ፣
"
"Shuk yalugn minew biye
","ሲነግሩህ ቢዋል ሳታምን ግባ።
"
"Laskefash, leman biye
","ሲነግሩህ ውለው ሳትሰማ ግባ፣
"
"Zimm kemil biyei, binager techakuye
","አሉ ተባለን ሳታምን ግባ።
"
"Shuk yalugn minew biye
",እ እ እ እ እህ እህ . . .
"Laskefash, leman biye
","ዝም ከምል ብዬ ብናገር ተቻኩዬ
"
"Hilm ayehu wude, irmeyn bitegna
","ሹክ ያሉኝ ምነው ብዬ
"
"EnQilf inestogn, yih semonigna
","ላስከፋሽ ለማን ብዬ
"
"Simatel? saay, sitiyign chilla
","ዝም ከምል ብዬ ብናገር ተቻኩዬ
"
"Emba bajebew, besaQish Tilla
","ሹክ ያሉኝ ምነው ብዬ
"
"Emba bajebew, besaQish Tilla
","ላስከፋሽ ለማን ብዬ
"
"Hilm elim beyilign, fiQrey yeTewatey
","ህልም አየሁ ዉዴ እርሜን ብተኛ
"
"Bemotey, bemotey
","እንቅልፍ ነስቶኝ ይህ ሰሞንኛ
"
"Teyi yelijenetey
","ስማትል ሳይ ስትይኝ ችላ
"
"AlasQeyimishim, eneys bandebetey
","እምባ ባጀበው በሳቅሽ ጥላ
"
"Bemotey, bemotey
","እምባ ባጀበው በሳቅሽ ጥላ
"
"Limal bandebetey
","ህልም እልም በይልኝ ፍቅሬ የጠዋቴ
"
"Ewunet endaymeslegn, heydesh atiQoyi
","በሞቴ በሞቴ
"
"AtQoyi, atQoyi
","ተይ የልጅነቴ
"
"Heydesh atiQoyi
","አላስቀይምሽም እኔስ ባንደበቴ
"
"Lensifsifu libey, bey tolo ney
","በሞቴ በሞቴ
"
"Bey neyi, bey neyi
","ልማል ባንደበቴ
"
"Tolo tolo neyi
","እውነት እንዳይመስልኝ ሄደሽ አትቆዪ
"
"Zimm zimm, yishal zimm
","አትቆዪ አትቆዪ
"
"ATicheysh kemiQozim
","ሄደሽ አትቆዪ
"
"Bamnishim, balamnishim
","ለንስፍስፉ ልቤ በይ ቶሎ ነይ
"
"Bemanim altekashim
","በይ ነዪ በይ ነዪ
"
"Genna newu, genna genna
","ቶሎ ቶሎ ነዪ
"
"Lanchi sil, mech norkuna
","ዝም ዝም ይሻላል ዝም
"
"Akorefsh, kefash biye
","አጥቼሽ ከምቆዝም
"
"Labablish, ney wudiye
","ባምንሽም ባላምንሽም
"
"Labablish, ney wudiye
","በማንም አልተካሽም
"
"Labablish ney wudiye
","ገና ነው ገና ገና
"
"Zimm kemil biyei, binager techakuye
","ላንቺ ስል መች ኖርኩና
"
"Shuk yalugn minew biye
","አኮረፍሽ ከፋሽ ብዬ
"
"Laskefash, leman biye
","ላባብልሽ ነይ ዉድዬ
"
"Zimm kemil biyei, binager techakuye
","ላባብልሽ ነይ ዉድዬ
"
"Shuk yalugn minew biye
","ላባብልሽ ነይ ዉድዬ
"
"Laskefash, leman biye
","ዝም ከምል ብዬ ብናገር ተቻኩዬ
"
"Addis aydelem, hodey lemdehal
","ሹክ ያሉኝ ምነው ብዬ
"
"Geneham seelewu, beefejihim chal
","ላስከፋሽ ለማን ብዬ
"
"Mecheim aymolam, beesema joro
","ዝም ከምል ብዬ ብናገር ተቻኩዬ
"
"Laynei tewu affey, atchekul tolo
","ሹክ ያሉኝ ምነው ብዬ
"
"Laynei tewu affey, atchekul tolo
","ላስከፋሽ ለማን ብዬ
"
"Mamenim metamen, leras seelu eko newu
","አዲስ አይደለም ሆዴ ለምደሃል
"
"Leras newu, leras newu
","ገነሃም ሲለዉ ቢፈጅህም ቻል
"
"Metamen leras newu
","መቼም አይሞላም ቢሰማ ጆሮ
"
"Lewededut menor, endeit metadel newu
","ላይኔ ተዉ አፌ አትቸኩል ቶሎ
"
"Desta newu, desta newu
","ላይኔ ተዉ አፌ አትቸኩል ቶሎ
"
"Minegna desta newu
","ማመንም መታመን ለራስ ሲሉ አኮ ነዉ
"
"Bewaza endew ayQom, fiQir wenz eko newu
","ለራስ ነው ለራስ ነው
"
"Wenz newu, wenz newu
","መታመን ለራስ ነው
"
"FiQir wenz eko newu
","ለወደዱት መኖር እንዴት መታደል ነው
"
"Hulun yemeeyizewu, bahiru lib newu
","ደስታ ነው ደስታ ነው
"
"Lib newu, lib newu
","ምነኛ ደስታ ነው
"
"Bahiru lib newu
","በዋዛ እንደው አይቆም ፍቅር ወንዝ እኮ ነው
"
"Zimm zimm, yishal zimm
","ወንዝ ነው ወንዝ ነው
"
"ATicheysh kemiQozim
","ፍቅር ወንዝ አኮ ነው
"
"Bamnishim, balamnishim
","ሁሉን የሚይዘው ባህሩ ልብ ነው
"
"Bemanim altekashim
","ልብ ነው ልብ ነው
"
"Genna newu, genna genna
","ባህሩ ልብ ነው
"
"Lanchi sil, mech norkuna
","ዝም ዝም ይሻላል ዝም
"
"Akorefsh, kefash biye
","አጥቼሽ ከምቆዝም
"
"Labablish, ney wudiye
","ባምንሽም ባላምንሽም
"
"Labablish, ney wudiye
","በማንም አልተካሽም
"
"Labablish ney wudiye
","ገና ነው ገና ገና
"
"Labablish ney fiQriye
","ላንቺ ስል መች ኖርኩና
"
Labablish ney wudiye,"አኮረፍሽ ከፋሽ ብዬ
"
"Iyaselaselkush kenferein sagnikew
","ላባብልሽ ነይ ዉድዬ
"
"Waa…neberechign malet, menfeseyn awekew
","ላባብልሽ ነይ ዉድዬ
"
"Hmm…
","ላባብልሽ ነይ ዉድዬ
"
"Alteleyeshignim, india-aaw endezebet
","ላባብልሽ ነይ ፍቅርዬ
"
"ATicheish alawuQim, benafQot filagot
",ላባብልሽ ነይ ዉድዬ
"Alteleyeshignim, india-aaw endezebet
","እያሰላሰልኩሽ ከንፈሬን ሳኝከው
"
"ATicheish alawuQim, benafQot filagot
","ዋ… ነበረችኝ ማለት መንፈሴን አወከው
"
"Iyaselaselkush, kenferein sagnikew
","እም…
"
"Neberechign malet, menfeseyn awekew
","አልተለየሽኝም እንዲያው እንደዘበት
"
"YeseQeQen wonCHif, yemeleyet merdo
","አጥቼሽ አላውቅም በናፍቆት ፍላጎት
"
"Talshignbign fiQrey hoy, yehazen beredo
","አልተለየሽኝም እንዲያው እንደዘበት
"
"Alteleyeshignim, india-aaw endezebet
","አጥቼሽ አላውቅም በናፍቆት ፍላጎት
"
"ATicheish alawuQim, benafQot filagot
","እያሰላሰልኩሽ ከንፈሬን ሳኝከው
"
"Iyaselaselkush kenferein sagnikew
","ነበረችኝ ማለት መንፈሴን አወከው
"
"Ehh…waa…
","የሰቀቀን ወንጭፍ የመለየት መርዶ
"
"Neberechign malet, menfeseyn awekew
","ጣልሸብኝ ፍቅሬ ሆይ የሐዘን በረዶ
"
"YeseQeQen wonCHif, yemeleyet merdo
","አልተለየሽኝም እንዲያው እንደዘበት
"
"Lemin, lemin
","አጥቼሽ አላውቅም በናፍቆት ፍላጎት
"
"Talshignbign fiQrey hoy, yehazen beredo
","እያሰላሰልኩሽ ከንፈሬን ሳኝከው
"
"Iyaselaselkush, kenferein sagnikew
","እህ…ዋ…
"
"Neberechign malet, menfeseyn awekew
","ነበረችኝ ማለት መንፈሴን አወከው
"
"YeseQeQen wonCHif, yemeleyet merdo
","የሰቀቀን ወንጭፍ የመለየት መርዶ
"
"Talshignbign fiQrey hoy, yehazen beredo
","ለምን ለምን
"
"Alteleyeshignim, india-aaw endezebet
","ጣልሸብኝ ፍቅሬ ሆይ የሐዘን በረዶ
"
"ATicheish alawuQim, benafQot filagot
","እያሰላሰልኩሽ ከንፈሬን ሳኝከው
"
"Waa…mecheim sialQ ayamir
","ነበረችኝ ማለት መንፈሴን አወከው
"
"Indeehu hono Qere, yelijinet gize
","የሰቀቀን ወንጭፍ የመለየት መርዶ
"
"Indeteleyayen, salayish land’gizei
","ጣልሸብኝ ፍቅሬ ሆይ የሐዘን በረዶ
"
"Salayish land’gizei
","አልተለየሽኝም እንዲያው እንደዘበት
"
Waa…wa wa wa wa,"አጥቼሽ አላውቅም በናፍቆት ፍላጎት
"
"Yimechegnal, kanchi gar CHewata
","ዋ…መቼም ሲያልቅ አያምር
"
"AyTimegnim, iTelalehu zimita
","እንዲሁ ሆኖ ቀረ የልጅነት ግዜ
"
"Bey anagreegn, ahndebetish yilmed
","እንደተለያየን ሳላይሽ ላንድ ግዜ
"
"Indiniwaded
","ሳላይሽ ላንድ ግዜ
"
"Ahndegnaye, yelibei medresha
",ዋ…ዋ ዋ ዋ ዋ
"Ingidaye,yefiQrei menesha
","ይመቸኛል ካንቺ ጋር ጨዋታ
"
"Altewushim, enei ‘negrishalehu
","አይጥመኝም እጠላለው ዝምታ
"
"Ewodishalehu
","በይ አናግሪኝ አንደበትሽ ይልመድ
"
"MeesTrein negirei, kalweTalign
","እንድንዋደድ
"
"MafQer lebichaye, min leerebagn
","አንደኛዬ የልቤ መድረሻ
"
"Linagerew, iniCHawot
","እንግዳዬ የፍቅሬ መነሻ
"
"KafeQerkush, yemin sisit
","አልተውሽም እኔ እነግርሻለው
"
"Iski bahndebetei, linagerew
","እወድሻለው
"
"Hodei indeetenefis, endeeQelew
","ሚስጥሬን ነግሬ ካልወጣልኝ
"
"Kalugn ayQer, abedelat
","ማፍቀር ለብቻዬ ምን ሊረባኝ
"
"Yesuan fiQir, lawujilat
","ልናገረው፣እንጫወት
"
"Yenei yenei, yenei nesha
","ካፈቀርኩሽ የምን ስስት
"
"KeQal belay, CHinQein mersha
","እስኪ ባንደበቴ ልናገረው
"
"Qedamawit, imebeitei
","ሆዴ እንዲተነፍስ እንዲቀለው
"
"Yegilish newu, nuri beitei
","ካሉኝ አይቀር፣አበደላት
"
"Yenei yenei, yenei nesha
","የሱዋን ፍቅር፣ላውጅላት
"
"KeQal belay, CHinQein mersha
","የኔ የኔ የኔ ነሻ
"
"Qedamawit, imebeitei
","ከቃል በላይ ጭንቄን መርሻ
"
"Yegilish newu, gibi beite
","ቀዳማዊት እመቤቴ
"
"Yimechegnal, kanchi gar CHewata
","የግልሽ ነው ኑሪ ቤቴ
"
"AyTimegnim, iTelalehu zimita
","የኔ የኔ የኔ ነሻ
"
"Bey anagreegn, ahndebetish yilmed
","ከቃል በላይ ጭንቄን መርሻ
"
"Indiniwaded
","ቀዳማዊት እመቤቴ
"
"Ahndegnaye, yelibei medresha
","የግልሽ ነው ግቢ ቤቴ
"
"Ingidaye,yefiQrei menesha
","ይመቸኛል ካንቺ ጋር ጨዋታ
"
"Altewushim, enei ‘negrishalehu
","አይጥመኝም እጠላለው ዝምታ
"
"Ewodishalehu
","በይ አናግሪኝ አንደበትሽ ይልመድ
"
"Mulu aydelemina, sewu berasu
","እንድንዋደድ
"
"Yemeewedewu alewu, inde nefsu
","አንደኛዬ የልቤ መድረሻ
"
"K’afish firei libla, kekenferish
","እንግዳዬ የፍቅሬ መነሻ
"
"Aynish sir QuCH biye, hulei indayish
","አልተውሽም እኔ እነግርሻለው
"
"Bezeech menged alem, litarfeebat
","እወድሻለው
"
"Belibish ifoyin, atinfegiat
","ሙሉ አይደለምና ሰው በራሱ
"
"Anchin des bilosh, tesaktolign
","የሚወደው አለው እንደ ነፍሱ
"
"Ineim beteraye, zim balkugn
","ካፍሽ ፍሬ ልብላ ከከንፈርሽ
"
"Yenei yenei, yenei nesha
","አይንሽ ስር ቁጭ ብዬ ሁሌ እንዳይሽ
"
"KeQal belay, CHinQein mersha
","በዝች መንገድ ዓለም ልታርፊባት
"
"Qedamawit, imebeitei
","በልብሽ እፎይን አትንፈጊያት
"
"Yegilish newu, gibi beite
","አንችን ደስ ብሎሽ ተሳክቶልኝ
"
"Yenei yenei, yenei nesha
","እኔም በተራዬ ዝም ባልኩኝ
"
"KeQal belay, CHinQein mersha
","የኔ የኔ የኔ ነሻ
"
"Qedamawit, imebeitei
","ከቃል በላይ ጭንቄን መርሻ
"
"Yegilish newu, gibi beitei
","ቀዳማዊት እመቤቴ
"
"Yenei yenei, yenei nesha
","የግልሽ ነው ግቢ ቤቴ
"
"KeQal belay, CHinQein mersha
","የኔ የኔ የኔ ነሻ
"
"Qedamawit, imebeitei
","ከቃል በላይ ጭንቄን መርሻ
"
"Yegilish newu, gibi beitei
","ቀዳማዊት እመቤቴ
"
"Oh-ho lala-lala
","የግልሽ ነው ግቢ ቤቴ
"
"Oh-ho oh-ho lala-lala
","የኔ የኔ የኔ ነሻ
"
Oh-ho lala-lala,"ከቃል በላይ ጭንቄን መርሻ
"
"Endeit nesh, endeit nesh
","ቀዳማዊት እመቤቴ
"
"Endeit nesh, endeit nesh
","የግልሽ ነው ግቢ ቤቴ
"
"Endeit nesh, endeit nesh
","ኦሆሆ ላ ላ ላ ላ
"
"Endeit nesh, endeit nesh
","ኦሆሆ ኦሆሆ ላ ላ ላ ላ
"
"Shegey shegey, shegey shegey
",ኦሆሆ ላ ላ ላ ላ
"Sewu alawQim biye, yelegnim mehala
","እንዴት ነሽ: እንዴት ነሽ
"
"BeleTebign enji, yanchi mola mola
","እንዴት ነሽ: እንዴት ነሽ
"
"Yasalefnew hulu, sasibew anesegn
","እንዴት ነሽ: እንዴት ነሽ
"
"Kaderegnewu yeliQ, yalaregnew basegn
","እንዴት ነሽ: እንዴት ነሽ
"
"Shegey shegey, shegey shegey
","ሸጌ ሸጌ: ሸጌ ሸጌ
"
"Mechey tayto yawuQal, anchin mesay lij
","ሰው አላውቅም ብዬ: የለኝም መሃላ
"
"Baleshibet honesh, yemitiwodeji
","በለጠብኝ እንጂ: ያንቺ ሞላ ሞላ
"
"FiQir ena mewuded, enante atawuQu
","ያሳለፍነው ሁሉ: ሳስበው አነሰኝ
"
"Yachin yelij neger, heydachihu teyiQu
","ካደረግነው ይልቅ: ያላረግነው ባሰኝ
"
"Yefuafuatewu fiset, yewofochu zeima
","ሸጌ ሸጌ: ሸጌ ሸጌ
"
"Endanchi alhon alegn, dimTSishin sisema
","መቼ ታይቶ ያውቃል: አንችን መሳይ ልጅ
"
"Kedamenaw betach, kemereit belay
","ባለሽበት ሆነሽ: የምትዎደጂ
"
"Endanchi aynet gela, tayto yawQal woy
","ፍቅር እና መውደድ: እናንተም አታውቁ
"
"Endanchi aynet gela, tayto yawQal woy
","ያቺን የልጅ ነገር: ሄዳችሁ ጠይቁ
"
"Endanchi aynet gela, tayto yawQal woy
","የፏፏቴው ፍሰት: የዎፎቹ ዜማ
"
"YetefeTro gelash, yemin moged alebet
","እንዳንቺ አልሆን አለኝ: ድምፅሽን ስሰማ
"
"Yenei alem, min moged alebet
","ከዳመናው በታች: ከመሬት በላይ
"
"Yesera akalatein, esat yezerabet
","እንዳንቺ አይነት ገላ: ታይቶ ያውቃል ወይ
"
"Akaley, esat yezerabet
","እንዳንቺ አይነት ገላ: ታይቶ ያውቃል ወይ
"
"Yaney yezan leta, siniCHewawet
","እንዳንቺ አይነት ገላ: ታይቶ ያውቃል ወይ
"
"Hodiye, siniCHewawet
","የተፈጥሮ ገላሽ: የምን ሞገድ አለበት
"
"Mineyn bitnekeegn newu, nefsein yaTahut
","የኔ ዓለም: ምን ሞገድ አለበት
"
"Yeney alem, nefsein yaTahut
","የሰራ አካላቴን: እሳት የዘራበት
"
"Iyaguremereme, yehamleiwu semay
","አካሌ: እሳት የዘራበት
"
"Anchin be’mebreQu, yizosh meTa woy
","ያኔ የያዘን ለታ: ስንጨዋወት
"
"Begaw eskeewoTa, kiremtu eskialfilign
","ሆድዬ: ስንጨዋወት
"
"Kezinabu befeet, anchin new yeTalelign
","ምኔን ብትነኪኝ ነው: ነፍሴን ያጣሁት
"
"Shegey shegey, shegey shegey
","የኔ ዓለም: ነፍሴን ያጣሁት
"
"Shegey shegey, shegey shegey","እያጉረመረመ: የሐምሌው ሰማይ
"
"Mamen aQategn, yehilmein nigist, yene arekina
","አንቺን በመብረቁ: ይዞሽ መጣ ወይ
"
"Biruh Qen meTa, hiwot leetades banchi endegena
","በጋው እስኪወጣ: ክረምቱ እስኪያልፍልኝ
"
"Mamen aQategn, yehilmein nigist, yene arekina
","ከዝናቡ በፊት: አንቺን ነው የጣለልኝ
"
"Biruh Qen meTa, hiwot leetades banchi endegena
","ሸጌ ሸጌ: ሸጌ ሸጌ
"
"Man’ahle endene, edil yeQenaw, Qen yewoTalet Mignot fiTinu, yesemerelet
",ሸጌ ሸጌ: ሸጌ ሸጌ
"BefiQrish zeima, nuro teQagnto, birhan temola
","ማመን አቃተኝ : የህልሜን ንግስት : የኔ አረክና
"
"Yene alem’ema
","ብሩህ ቀን መጣ : ህይወት ሊታደስ : ባንቺ እንደገና
"
"Alferam negen endamna, anchi alesh’ena
","ማመን አቃተኝ : የህልሜን ንግስት : የኔ አረክና
"
"BefiQrish kef yaderegshign, ende demena
","ብሩህ ቀን መጣ : ህይወት ሊታደስ : ባንቺ እንደገና
"
"Nigistey yebeitey girma, yenigat CHora
","ማን አለ እንደኔ : ዕድል የቀናው : ቀን የወጣለት
"
"Amrognign tayehu beyifa, huley alesh’ena
","ምኞት ፍጥኑ : የሰመረለት
"
"Alferam negen endamna, anchi alesh’ena
","በፍቅርሽ ዜማ : ኑሮ ተቃኝቶ : ብርሃን ተሞላ
"
"BefiQrish kef yaderegshign, ende demena
","የኔ ዓለምማ
"
"Nigistey yebeitey girma, yenigat CHora
","አልፈራም ነገን እንዳምና : አንቺ አለሽና
"
"Amrognign tayehu beyifa, huley alesh’ena
","በፍቅርሽ ከፍ ያደረግሽኝ : እንደ ደመና
"
"Mamen aQategn, yehilmein nigist, yene arekina
","ንግሥቴ የቤቴ ግርማ : የንጋት ጮራ
"
"Biruh Qen meTa, hiwot leetades banchi endegena
","አምሮብኝ ታየሁ በይፋ : ሁሌ አለሽና
"
"Mamen aQategn, yehilmein nigist, yene arekina
","አልፈራም ነገን እንዳምና : አንቺ አለሽና
"
"Biruh Qen meTa, hiwot leetades banchi endegena
","በፍቅርሽ ከፍ ያደረግሽኝ : እንደ ደመና
"
"Ende ChereQa, gizei beelewoT, godlo beemola
","ንግሥቴ የቤቴ ግርማ : የንጋት ጮራ
"
"AlawQim Qonjo, kalanchi leila
","አምሮብኝ ታየሁ በይፋ : ሁሌ አለሽና
"
"Edemei yemayfetawu, hayal senselet
","ማመን አቃተኝ : የህልሜን ንግስት : የኔ አረክና
"
"FiQir asronal, min yileyenal
","ብሩህ ቀን መጣ : ህይወት ሊታደስ : ባንቺ እንደገና
"
"Alferam negen endamna, anchi alesh’ena
","ማመን አቃተኝ : የህልሜን ንግስት : የኔ አረክና
"
"BefiQrish kef yaderegshign, ende demena
","ብሩህ ቀን መጣ : ህይወት ሊታደስ : ባንቺ እንደገና
"
"Nigistey yebeitey girma, yenigat CHora
","እንደ ጨረቃ : ግዜ ቢለወጥ : ጎድሎ ቢሞላ
"
"Amrognign tayehu beyifa, huley alesh’ena
","አላውቅም ቆንጆ : ካላንቺ ሌላ
"
"Alferam negen endamna, anchi alesh’ena
","እድሜ የማይፈታው : ሃያል ሰንሰለት
"
"BefiQrish kef yaderegshign, ende demena
","ፍቅር አስሮናል : ምን ይለየናል
"
"Nigistey yebeitey girma, yenigat CHora
","አልፈራም ነገን እንዳምና : አንቺ አለሽና
"
"Amrognign tayehu beyifa, huley alesh’ena","በፍቅርሽ ከፍ ያደረግሽኝ : እንደ ደመና
"
"Hulum bemegerem, beemeleketegn
","ንግሥቴ የቤቴ ግርማ : የንጋት ጮራ
"
"Sintun ayehu bante, gira iyegebagn
","አምሮብኝ ታየሁ በይፋ : ሁሌ አለሽና
"
"Hulum bemegerem, beemeleketegn
","አልፈራም ነገን እንዳምና : አንቺ አለሽና
"
"Sintun ayehu bante, gira iyegebagn
","በፍቅርሽ ከፍ ያደረግሽኝ : እንደ ደመና
"
"Endeit yiresawal, libonah enein
","ንግሥቴ የቤቴ ግርማ : የንጋት ጮራ
"
"Yesintun ayn Tilogn, seegerfewu gonein
",አምሮብኝ ታየሁ በይፋ : ሁሌ አለሽና
"Sitileyegn ante, enbayein ireCHichei
","ሁሉም በመገረም: ቢመለከተኝ
"
"Aynein yiTlagn mech alku, kante teleyichei
","ስንቱን አየሁ ባንተ: ግራ እየገባኝ
"
"Hulum bemegerem, beemeleketegn
","ሁሉም በመገረም: ቢመለከተኝ
"
"Sintun ayehu bante, gira iyegebagn
","ስንቱን አየሁ ባንተ: ግራ እየገባኝ
"
"Hulum bemegerem, beemeleketegn
","እንዴት ይረሳዋል: ልቦናህ እኔን
"
"Sintun ayehu bante, gira iyegebagn
","የስንቱ አይን ጥሎኝ: ሲገርፈው ጐኔን
"
"Menor linur enji, gizeiwun mesiye
","ስትለየኝ አንተ: እንባዬን እረጭቼ
"
"Sintun ayehu bante, beneger Qosiye
","እኔን ይጥላኝ መች አልኩ: ካንተ ተለይቼ
"
"Ante sitileyegn, gizei lewuToh
","ሁሉም በመገረም: ቢመለከተኝ
"
"Endewu ante yibQagn, weret adalToh
","ስንቱን አየሁ ባንተ: ግራ እየገባኝ
"
"Hulum bemegerem, beemeleketegn
","ሁሉም በመገረም: ቢመለከተኝ
"
"Sintun ayehu bante, gira iyegebagn
","ስንቱን አየሁ ባንተ: ግራ እየገባኝ
"
"Hulum bemegerem, beemeleketegn
","መኖር ልኑር እንጂ: ጊዜውን መስዬ
"
"Sintun ayehu bante, gira iyegebagn
","ስንቱን አየሁ ባንተ: በነገር ቆስዬ
"
"YeTafeTewu fiQir, bereit telewuso
","አንተ ስትለየኝ: ጊዜ ለዉጦህ
"
"Zarei gin meselegn, merar ende-kosso
","እነደዉ አንተ ይብቃኝ: ወረት አዳልጦህ
"
"Hileenahim beeyasib, negerun eriQo
","ሁሉም በመገረም: ቢመለከተኝ
"
"Sintun ayehu lante, sewunetei alQo
","ስንቱን አየሁ ባንተ: ግራ እየገባኝ
"
"Hulum bemegerem, beemeleketegn
","ሁሉም በመገረም: ቢመለከተኝ
"
"Sintun ayehu bante, gira iyegebagn
","ስንቱን አየሁ ባንተ: ግራ እየገባኝ
"
"Hulum bemegerem, beemeleketegn
","የጣፈጠው ፍቅር: በሬት ተለዉሶ
"
"Sintun ayehu bante, gira iyegebagn
","ዛሬ ግን መሰለኝ: መራር እንደ ኮሶ
"
"Sintun ayehu bante, Sintun ayehu bante","ህሊናህም ቢያስብ: ነገሩን አርቆ
"
"FiQrin belibei, mesrito
","ስንቱን አየሁ ላንተ: ሰውነቴ አልቆ
"
"Leyla asebe woy, libih enein kedto
","ሁሉም በመገረም: ቢመለከተኝ
"
"Yan hulu Qalkeedanun eresto
","ስንቱን አየሁ ባንተ: ግራ እየገባኝ
"
"FiQrin belibei, mesrito
","ሁሉም በመገረም: ቢመለከተኝ
"
"Leyla asebe woy, libih enein kedto
","ስንቱን አየሁ ባንተ: ግራ እየገባኝ
"
"Yan hulu Qalkeedanun eresto
",ስንቱን አየሁ ባንተ: ስንቱን አየሁ ባንተ
"Irestehewu endewu, yan hulu mehala
","ፍቅርን በልቤ: መስርቶ
"
"Libih temegne woy, fiQrin kenei leyla
","ሌላ አሰበ ወይ: ልብህ እኔን ከድቶ
"
"Antem endashah heed, yeneim enba yifses
","ያን ሁሉ ቃልኪዳኑን እረስቶ
"
"Mecheim altadelkugn, fiQrin lemeCHeres
","ፍቅርን በልቤ: መስርቶ
"
"FiQrin lemeCHeres
","ሌላ አሰበ ወይ: ልብህ እኔን ከድቶ
"
"FiQrin belibei, mesrito
","ያን ሁሉ ቃልኪዳኑን እረስቶ
"
"Leyla asebe woy, libih enein kedto
","እረስተሀዉ እንደዉ: ያን ሁሉ መሐላ
"
"Yan hulu Qalkeedanun eresto
","ልብህ ተመኘ ወይ: ፍቅርን ከኔ ሌላ
"
"FiQrin belibei, mesrito
","አንተም አንዳሻህ ሂድ: የኔም እንባ ይፍሰስ
"
"Leyla asebe woy, libih enein kedto
","መቼም አልታደልኩኝ: ፍቅርን ለመጨረስ
"
"Yan hulu Qalkeedanun eresto
","ፍቅርን ለመጨረስ
"
"FiQrachinin sinijemir, gena belegawu
","ፍቅርን በልቤ: መስርቶ
"
"Ke’and leyla fiQir, guzo? mindin newu
","ሌላ አሰበ ወይ: ልብህ እኔን ከድቶ
"
"Bileh yalkewun Qal, yetenagerkewu
","ያን ሁሉ ቃልኪዳኑን እረስቶ
"
"AltaQebehim woy, ahun sitilekawu?
","ፍቅርን በልቤ: መስርቶ
"
"Ahun sitilekawu
","ሌላ አሰበ ወይ: ልብህ እኔን ከድቶ
"
"FiQrin belibei, mesrito
","ያን ሁሉ ቃልኪዳኑን እረስቶ
"
"Leyla asebe woy, libih enein kedto
","ፍቅራችንን ስንጀምር: ገና በለጋው
"
"Yan hulu Qalkeedanun eresto
","ከአንድ ሌላ ፍቅር: ጉዞ? ምንድን ነው
"
"FiQrin belibei, mesrito
","ብለህ ያልከዉን ቃል የተናገርከዉ
"
"Leyla asebe woy, libih enein kedto
","አልታቀበህም ወይ: አሁን ስትለካዉ?
"
"Yan hulu Qalkeedanun eresto
","አሁን ስትለካዉ
"
"BefiQrih iremeT, seeQaTel anjetei
","ፍቅርን በልቤ: መስርቶ
"
"Aynih newu libih newu, yekedagn Telatei
","ሌላ አሰበ ወይ: ልብህ እኔን ከድቶ
"
"Yegebahewu Qal, endeeh litiresa
","ያን ሁሉ ቃልኪዳኑን እረስቶ
"
"Sintu neger Qerto, bante yetenesa
","ፍቅርን በልቤ: መስርቶ
"
"Bante yetenesa
","ሌላ አሰበ ወይ: ልብህ እኔን ከድቶ
"
"FiQrin belibei, mesrito
","ያን ሁሉ ቃልኪዳኑን እረስቶ
"
"Leyla asebe woy, libih enein kedto
","በፍቅርህ እረመጥ: ሲቃጠል አንጀቴ
"
"Yan hulu Qalkeedanun eresto
","አይንህ ነው ልብህ ነው: የከዳኝ ጠላቴ
"
"FiQrin belibei, mesrito
","የገባኸዉን ቃል: አንዲህ ልትረሳ
"
"Leyla asebe woy, libih enein kedto
","ስንቱ ነገር ቀርቶ: ባንተ የተነሳ
"
"Yan hulu Qalkeedanun eresto
","ባንተ የተነሳ
"
"Leyla asebe woy, libih enein kedto
","ፍቅርን በልቤ: መስርቶ
"
Yan hulu Qalkeedanun eresto,"ሌላ አሰበ ወይ: ልብህ እኔን ከድቶ
"
"Libein asdengiTot, adegegnawu fiQir
","ያን ሁሉ ቃልኪዳኑን እረስቶ
"
"Simkin salanesa, biwul yilegnal Qir
","ፍቅርን በልቤ: መስርቶ
"
"Libein asdengiTot, adegegnawu fiQir
","ሌላ አሰበ ወይ: ልብህ እኔን ከድቶ
"
"Simkin salanesa, biwul yilegnal Qir
","ያን ሁሉ ቃልኪዳኑን እረስቶ
"
"Hileenaye asiboh, enei aale nefsei
","ሌላ አሰበ ወይ: ልብህ እኔን ከድቶ
"
"Alresahim eko, min gizeiwu beerezim
",ያን ሁሉ ቃልኪዳኑን እረስቶ
"Weyn yemeselewu wubet, diQin seel kefeetei
","ልቤን አስደንግጦት: አደገኛዉ ፍቅር
"
"Simkin salanesa, ayarfim hiwotei
","ስምክን ሳላነሳ: ብውል ይለኛል ቅር
"
"Ayarfim hiwotei
","ልቤን አስደንግጦት: አደገኛዉ ፍቅር
"
"Libein asdengiTot, adegegnawu fiQir
","ስምክን ሳላነሳ: ብውል ይለኛል ቅር
"
"Simkin salanesa, biwul yilegnal Qir
","ህሊናዬ አስቦህ: እኔ አለ ነፍሴ?
"
"Libein asdengiTot, adegegnawu fiQir
","አልረሳህም እኮ: ምን ግዜው ቢረዝም
"
"Simkin salanesa, biwul yilegnal Qir
","ወይን የመሰለው ውበት: ድቅን ሲል ፊቴ
"
"Abebawu fegegtah, kayn yemeefenegil
","ስምክን ሳላነሳ: አያርፍም ህይወቴ
"
"Libein selem argo, sewunet yemee….
","አያርፍም ህይወቴ
"
"FiQriye yemilih, kenei gar tegegnteh
","ልቤን አስደንግጦት: አደገኛዉ ፍቅር
"
"Heewotin yemiadis, nebere tinfashih
","ስምክን ሳላነሳ: ብውል ይለኛል ቅር
"
"Nebere tinfashih
","ልቤን አስደንግጦት: አደገኛዉ ፍቅር
"
"Libein asdengiTot, adegegnawu fiQir
","ስምክን ሳላነሳ: ብውል ይለኛል ቅር
"
"Simkin salanesa, biwul yilegnal Qir
","አበባው ፈገግታህ: ካይን የሚፈነግል??
"
"Libein asdengiTot, adegegnawu fiQir
","ልቤን ሰለም አርጎ: ሰዉነት የሚ…..
"
"Simkin salanesa, biwul yilegnal Qir
","ፍቅርዬ የምልህ: ከኔ ጋር ተገኝተህ
"
"Ahun tiz yilegnal, sit’heid tesasimen
","ሂዎትን የሚያድስ: ነበረ ትንፋሽህ
"
"Yeneberen tigist, yefiQir sememen
","ነበረ ትንፋሽህ
"
"Shito me’azahin, enei sastawusewu
","ልቤን አስደንግጦት: አደገኛዉ ፍቅር
"
"Endeit ewulalehu, simkin salanesawu
","ስምክን ሳላነሳ: ብውል ይለኛል ቅር
"
"Simkin salanesawu
","ልቤን አስደንግጦት: አደገኛዉ ፍቅር
"
"Libein asdengiTot, adegegnawu fiQir
","ስምክን ሳላነሳ: ብውል ይለኛል ቅር
"
"Simkin salanesa, biwul yilegnal Qir
","አሁን ትዝ ይለኛል: ስትሄድ ተሳስመን
"
"Libein asdengiTot, adegegnawu fiQir
","የነበረን ትዕግስት: የፍቅር ሰመመን
"
"Simkin salanesa, biwul yilegnal Qir
","ሽቶ መአዛህን: እኔ ሳስታዉሰው
"
"Simkin salanesa, biwul yilegnal Qir","እንዴት እዉላለሁ: ስምክን ሳላነሳው
"
"Bhasaab kanchi gar negn, b’ewun newu yaTahush
","ስምክን ሳላነሰሳው
"
"IruQ silehonshibign
","ልቤን አስደንግጦት: አደገኛዉ ፍቅር
"
"Qenun alaQewum, mechey timeCHialesh
","ስምክን ሳላነሳ: ብውል ይለኛል ቅር
"
"NafQotish gerefegn
","ልቤን አስደንግጦት: አደገኛዉ ፍቅር
"
"Bhasaab kanchi gar negn, b’ewun newu yaTahush
","ስምክን ሳላነሳ: ብውል ይለኛል ቅር
"
"IruQ silehonshibign
",ስምክን ሳላነሳ: ብውል ይለኛል ቅር
"Qenun alaQewum, mechey timeCHialesh
","ባሳብ ካንቺ ጋር ነኝ: በእውን ነው ያጣሁሽ
"
"NafQotish gerefegn
","እሩቅ ስለሆንሽብኝ
"
"Mechey timeCHialesh, leleet behilmey
","ቀኑን አላውቀውም: መቼ ትመጫለሽ
"
"Ayayehushhh
","ናፍቆትሽ ገረፈኝ
"
"Eree me-chey yihun, ye-mi-tmeCHeewu
","ባሳብ ካንቺ ጋር ነኝ: በእውን ነው ያጣሁሽ
"
"Ibakishh
","እሩቅ ስለሆንሽብኝ
"
"Ye-te-ra-bewu, aynei aayto enkuan
","ቀኑን አላውቀውም: መቼ ትመጫለሽ
"
"IndeeTegbish
","ናፍቆትሽ ገረፈኝ
"
"Teina nesto nafQotish, aseQayegn
","መቼ ትመጫለሽ: ለሊት በህልሜ
"
"Melkish behilmey hulei, iyetayegn
","አየሁሽ
"
"Teina nesto nafQotish, aseQayegn
","ኧረ መ-ቼ ይሁን: የ-ም-ትመጪው
"
"Melkish behilmey hulei, iyetayegn
","እባክሽ
"
"Behaasaab meneTSir, hulgizei ayishalehu
","የ-ተ-ራ-በው: አይኔ አይቶ አን ኳን
"
"Kaleshibet bota
","እንዲጠግብሽ
"
"Mechey timeCHialesh, iTebiQishalehu
","ጤና ነስቶ ናፍቆትሽ: አሰቃየኝ
"
"B’imbam bedesita
","መልክሽ በህልሜ ሁሌ: እየታየኝ
"
"Behaasaab meneTSir, hulgizei ayishalehu
","ጤና ነስቶ ናፍቆትሽ: አሰቃየኝ
"
"Kaleshibet bota
","መልክሽ በህልሜ ሁሌ: እየታየኝ
"
"Mechey timeCHialesh, iTebiQishalehu
","በሃሳብ መነፅር: ሁልግዜ አይሻለሁ
"
"B’imbam bedesita
","ካለሽበት ቦታ
"
"Mechey timeCHialesh, leleet behilmey
","መቼ ትመጫለሽ: እጠብቅሻለሁ
"
"Ayayehushhh
","በእምባም በደስታ
"
"Eree me-chey yihun, ye-mi-tmeCHeewu
","በሃሳብ መነፅር: ሁልግዜ አይሻለሁ
"
"Ibakish
","ካለሽበት ቦታ
"
"Ye-te-ra-bewu, aaynei aayto enkuan
","መቼ ትመጫለሽ: እጠብቅሻለሁ
"
"IndeeTegbish
","በእምባም በደስታ
"
"Teina nesto nafQotish, aseQayegn
","መቼ ትመጫለሽ: ለሊት በህልሜ
"
"Melkish behilmey hulei, iyetayegn
","አየሁሽሽ
"
"Teina nesto nafQotish, aseQayegn
","ኧረ መ-ቼ ይሁን: የ-ም-ትመጪው
"
"Melkish behilmey hulei, iyetayegn
","እባክሽ
"
"Teina nesto nafQotish, aseQayegn
","የ-ተ-ራ-በው: አይኔ አይቶ አን ኳን
"
"Melkish behilmey hulei, iyetayegn
","እንዲጠግብሽ
"
"Teina nesto nafQotish, aseQayegn
","ጤና ነስቶ ናፍቆትሽ: አሰቃየኝ
"
"Melkish behilmey hulei, iyetayegn","መልክሽ በህልሜ ሁሌ: እየታየኝ
"
"Selam yagerei sewu, selam yewenzei sewu
","ጤና ነስቶ ናፍቆትሽ: አሰቃየኝ
"
"Selam yagerei sewu, indemin alachihu
","መልክሽ በህልሜ ሁሌ: እየታየኝ
"
"Inkuan leba’ilu, beselam meTachihu
","ጤና ነስቶ ናፍቆትሽ: አሰቃየኝ
"
"YefiQir yeselam, yedesta yargilachihu
","መልክሽ በህልሜ ሁሌ: እየታየኝ
"
"Selam yagerei sewu, selam yewenzei sewu
","ጤና ነስቶ ናፍቆትሽ: አሰቃየኝ
"
"Selam yagerei sewu, indemin alachihu
",መልክሽ በህልሜ ሁሌ: እየታየኝ
"Inkuan leba’ilu, beselam meTachihu
","ሰላም ያገሬ ሰው ሰላም የወንዜ ሰው
"
"Kef yibel bandeeraw, fiQir megleCHachihu
","ሰላም ያገሬ ሰው እንድምን አላችሁ
"
"Kurat kurat, yesemaw wusTein
","እንኳን ለበዓሉ በሰላም መጣችሁ
"
"Bebandeeraw, bemaninetein
","የፍቅር የሰላም የደስታ ያርግላችሁ
"
"Tesebsibo, seeCHeferima
","ሰላም ያገሬ ሰው ሰላም የወንዜ ሰው
"
"Bahilachin, b’alem seesema
","ሰላም ያገሬ ሰው እንድምን አላችሁ
"
"Kurat kurat, yesemaw wusTein
","እንኳን ለበዓሉ በሰላም መጣችሁ
"
"Bebandeeraw, bemaninetein
","ከፍ ይበል ባንዲራው ፍቅር መግለጫው
"
"Tesebsibo, seeCHeferima
","ኩራት ኩራት ይሰማው ዉስጤን
"
"Bahilachin, b’alem seesema
","በባንዲራው በማንነቴን
"
"Oh-ho ho ho
","ተሰብሰቦ ሲጨፈርማ
"
"Bey michi, bel mita
","ባህላችን በዓለም ይሰማ
"
"Yazulin CHawota
","ኩራት ኩራት ይሰማው ዉስጤን
"
"Bahilachin yidmeQ
","በባንዲራው በማንነቴን
"
"InCHefir b’eskista
","ተሰብሰቦ ሲጨፈርማ
"
"B’andinet befiQir, belu inisebaseb
","ባህላችን በዓለም ይሰማ
"
"Sinihon yamribinal, lik inde-beiteseb
","ኦሆ ሆ ሆ
"
"QuanQuachin beeleyay, indeye-melkachin
","በይ ምቺ በል ምታ
"
"Ethiopiawi-net newu, legna andinetachin
","ያዙልን ጫዎታ
"
"Bandeeraw newu’ena, legna andinetachin
","ባህላችን ይድመቅ
"
"Bandeeraw yetale, bandeeraw yetale
","እንጨፍር በእስክስታ
"
"Bandeeraw yetale, bandeeraw yetale
","ባንድነት በፍቅር በሉ እንሰባሰብ
"
"Selam yagerei sewu, selam yewenzei sewu
","ስንሆን ያምርብናል ልክ እንደ ቤተሰብ
"
"Selam yagerei sewu, indemin alachihu
","ቋንቋችን ቢለያይ እንደየ መልካችን
"
"Inkuan lebahilu, beselam meTachihu
","ኢትዮጵያዊነት ነው ለኛ አንድነታችን
"
"YefiQir yeselam, yedesta yargilachihu
","ባንዲራው ነዉና ለኛ አንድነታችን
"
"Selam yagerei sewu, selam yewenzei sewu
","ባንዲራው የታለ ባንዲራው የታለ
"
"Selam yagerei sewu, indemin alachihu
","ባንዲራው የታለ ባንዲራው የታለ
"
"Inkuan leba’ilu, beselam meTachihu
","ሰላም ያገሬ ሰው ሰላም የወንዜ ሰው
"
"Kef yibel bandeeraw, fiQir megleCHachihu
","ሰላም ያገሬ ሰው እንድምን አላችሁ
"
"Yetesfa Qal, yegebalish
","እንኳን ለበዓሉ በሰላም መጣችሁ
"
"Derso ijichin, eskeeCHanish?
","የፍቅር የሰላም የደስታ ያርግላችሁ
"
"FiQir selam, kegna ayileyen
","ሰላም ያገሬ ሰው ሰላም የወንዜ ሰው
"
"Be’andinet, huleim anuren
","ሰላም ያገሬ ሰው እንድምን አላችሁ
"
"Yetesfa Qal, yegebalish
","እንኳን ለበዓሉ በሰላም መጣችሁ
"
"Derso ijichin, eskeeCHanish
","ከፍ ይበል ባንዲራው ፍቅር መግለጫው
"
"FiQir selam, kegna ayileyen
","የተስፋ ቃል የገባልሽ
"
"Be’andinet, huleim anuren
","ደርሶ እጅሽን እስኪጫንሽ?
"
"Oh-ho ho ho
","ፍቅር ሰላም ከኛ አይለየን
"
"Bey michi, bel mita
","በአንድነት ሁሌም አኑረን
"
"Yazulin CHawota
","የተስፋ ቃል የገባልሽ
"
"Bahilachin yidmeQ
","ደርሶ እጅሽን እስኪጫንሽ?
"
"InCHefir b’eskista
","ፍቅር ሰላም ከኛ አይለየን
"
"B’andinet befiQir, belu inisebaseb
","በአንድነት ሁሌም አኑረን
"
"Sinihon yamribinal, lik inde-beiteseb
","ኦሆ ሆ ሆ
"
"QuanQuachin beeleyay, indeye-melkachin
","በይ ምቺ በል ምታ
"
"Ethiopiawi-net newu, legna andinetachin
","ያዙልን ጫዎታ
"
"Bandeeraw newu’ena, legna andinetachin
","ባህላችን ይድመቅ
"
"Bandeeraw yetale, bandeeraw yetale
","እንጨፍር በእስክስታ
"
"Bandeeraw yetale, bandeeraw yetale
","ባንድነት በፍቅር በሉ እንሰባሰብ
"
"Bey michi, bel mita
","ስንሆን ያምርብናል ልክ እንደ ቤተሰብ
"
"Yazulin CHawota
","ቋንቋችን ቢለያይ እንደየ መልካችን
"
"Bahilachin yidmeQ
","ኢትዮጵያዊነት ነው ለኛ አንድነታችን
"
"InCHefir b’eskista
","ባንዲራው ነዉና ለኛ አንድነታችን
"
"IndeTibeb shema, iski inidmeQibet
","ባንዲራው የታለ ባንዲራው የታለ
"
"Bandeerawun yijei, kurat lasayibet
","ባንዲራው የታለ ባንዲራው የታለ
"
"Bandeerawun yijei, kurat lasayibet
","በይ ምቺ በል ምታ
"
"Bandeeraw yetale, bandeeraw yetale
","ያዙልን ጫዎታ
"
"Bandeeraw yetale, bandeeraw yetale
","ባህላችን ይድመቅ
"
"Bandeeraw yetale, bandeeraw yetale
","እንጨፍር በእስክስታ
"
"Bandeeraw yetale, bandeeraw yetale
","እንደጥበብ ሸማ እስኪ እንድመቅላት
"
Oh-ho ho ho,"ባንዲራውን ይዤ ኩራት ላሳያት
"
"Abeeeit, abeit afeTaTer
","ባንዲራውን ይዤ ኩራት ላሳያት
"
"Wollooo’n, seTewu hulun neger
","ባንዲራው የታለ ባንዲራው የታለ
"
"SeTewu hulun neger
","ባንዲራው የታለ ባንዲራው የታለ
"
"Megen, megen afeTaTer
","ባንዲራው የታለ ባንዲራው የታለ
"
"Wollo’n, seTewu hulun neger
","ባንዲራው የታለ ባንዲራው የታለ
"
"Megen, megen afeTaTer
",ኦሆ ሆ ሆ
"Wollo’n, seTewu hulun neger
","አቤት አቤት አፈጣጠር
"
"Wubet ina fiQir, libein silegezaw
","ወሎን ሰጠው ሁሉን ነገር
"
"Abeit abeit, afeTaTer
","ሰጠው ሁሉን ነገር
"
"Yamelalisegnal, nega meshe beziaw
","መገን መገን አፈጣጠር
"
"Abeit abeit, afeTaTer
","ወሎን ሰጠው ሁሉን ነገር
"
"Abeit yesu sira, megen afeTaTer
","መገን መገን አፈጣጠር
"
"Abeit abeit, afeTaTer
","ወሎን ሰጠው ሁሉን ነገር
"
"LiQim argo serto, adelewu mefeQer
","ዉበትና ፍቅር ልቤን ስለገዛው
"
"Abeit abeit, afeTaTer
","አቤት አቤት አፈጣጠር
"
"Abeit abeit, afeTaTer
","ያመላልሰኛል ነጋ መሸ በዚያው
"
"Sintun adarishey, iCHerisewalehu
","አቤት አቤት አፈጣጠር
"
"Ayna teQemiCHey, hulun ayewalehu
","አቤት የሱ ሥራ መገን አፈጣጠር
"
"Hulu shega bicha, hulu melke-Qena
","አቤት አቤት አፈጣጠር
"
"AyiTereTerim, Wollo beQunjina
","ልቅም አርጎ ሰርቶ አደለው መፈቀር
"
"Megen, megen afeTaTer
","አቤት አቤት አፈጣጠር
"
"Wollo’n, seTewu hulun neger
","አቤት አቤት አፈጣጠር
"
"Megen, megen afeTaTer
","ስንቱን አዳርሼ እጨርሰዋለሁ
"
"Wollo’n, seTewu hulun neger
","አይና ተቀምጬ ሁሉን አየዋለሁ
"
"Bulbula derishey, gedamatu sifra
","ሁሉ ሸጋ ብቻ ሁሉ መልከ-ቀና
"
"Ijig tegeremkugn, befeTari sira
","አይጠረጠርም ወሎ በቁንጅና
"
"Walati Mariam’n, esti langoragurew
","መገን መገን አፈጣጠር
"
"Ye’mar ye’wetetu, yeTigab ager newu
","ወሎን ሰጠው ሁሉን ነገር
"
"Megen, megen afeTaTer
","መገን መገን አፈጣጠር
"
"Wollo’n, seTewu hulun neger
","ወሎን ሰጠው ሁሉን ነገር
"
"Megen, megen afeTaTer
","ቡልቡላ ደርሼ ገዳማቱ ስፍራ
"
"Wollo’n, seTewu hulun neger
","እጅግ ተገረምኩኝ በፈጣሪ ስራ
"
"Tewedajinetun, kelay TeQebito
","ወላቲ ማርያምን እስቲ ላንጎራጉረው
"
"Abeit abeit, afeTaTer
","የማር የወተቱ የጥጋብ አገር ነው
"
"Ahun man yiweTal, hasabun agibto
","መገን መገን አፈጣጠር
"
"Abeit abeit, afeTaTer
","ወሎን ሰጠው ሁሉን ነገር
"
"Christian muslim’u, tewado yinoral
","መገን መገን አፈጣጠር
"
"Abeit abeit, afeTaTer
","ወሎን ሰጠው ሁሉን ነገር
"
"Tinishum tiliQum, sewu yikebaberal
","ተወዳጅነቱን ከላይ ተቀብቶ
"
"Abeit abeit, afeTaTer
","አቤት አቤት አፈጣጠር
"
"Abeit abeit, afeTaTer
","አሁን ማን ይወጣል ሐሳቡን አግብቶ
"
"YeTossa terara, Dessie mehal yalewu
","አቤት አቤት አፈጣጠር
"
"YetefeTro TSega, isum ahnd wubet newu
","ክርስቲያን ሙስሊሙ ተዋዶ ይኖራል
"
"Sintu tezerziro, tenegro yabeQal
","አቤት አቤት አፈጣጠር
"
"Wollo gara-ager newu, hulu yideneQal
","ትንሹም ትልቁም ሰው ይከባበራል
"
"Megen, megen afeTaTer
","አቤት አቤት አፈጣጠር
"
"Wollo’n, seTewu hulun neger
","አቤት አቤት አፈጣጠር
"
"Megen, megen afeTaTer
","የጦሳ ተራራ ደሴ መሃል ያለው
"
"Wollo’n, seTewu hulun neger
","የተፈጥሮ ፀጋ እሱም አንድ ዉበት ነው
"
"Beduket bedireewu, seitu tekeshiro
","ስንቱ ተዘርዝሮ ተነግሮ ያበቃል
"
"BeQeCHin shuruba, TSegurn tebeTiro
","ውሎ ጋራገር ነው ሁሉ ይደነቃል
"
"Kimkim gofereiwun, teneQso amrobet
","መገን መገን አፈጣጠር
"
"Hulun yeteseTewu, hagere-genet
","ወሎን ሰጠው ሁሉን ነገር
"
"Megen, megen afeTaTer
","መገን መገን አፈጣጠር
"
"Wollo’n, seTewu hulun neger
","ወሎን ሰጠው ሁሉን ነገር
"
"Megen, megen afeTaTer
","በዱከት በድሪው ሴቱ ተከሽሮ
"
"Wollo’n, seTewu hulun neger
","በቀጭን ሹሩባ ፀጉሩን ተበጥሮ
"
"Megen, megen afeTaTer
","ክምክም ጎፈሬውን ተነቅሶ አምሮበት
"
"Wollo’n, seTewu hulun neger
","ሁሉን የተሰጠው አገረ-ገነት
"
"Megen, megen afeTaTer
","መገን መገን አፈጣጠር
"
"Wollo’n, seTewu hulun neger","ወሎን ሰጠው ሁሉን ነገር
"
"Embua bey lameetu, lameetu
","መገን መገን አፈጣጠር
"
"Embua bey lameetu
","ወሎን ሰጠው ሁሉን ነገር
"
"Embua bey lameetu, lameetu
","መገን መገን አፈጣጠር
"
"Korma wolajitu
","ወሎን ሰጠው ሁሉን ነገር
"
"Embua bey lameetu, lameetu
","መገን መገን አፈጣጠር
"
"Embua bey lameetu
",ወሎን ሰጠው ሁሉን ነገር
"Embua bey lameetu, lameetu
","እምቧ በይ ላሚቱ: ላሚቱ
"
"Korma wolajitu
","እምቧ በይ ላሚቱ
"
"Ayilakibishim, oh hoy, himemeim beeTSena
","እምቧ በይ ላሚቱ: ላሚቱ
"
"Ayilakibishim, oh hoy, himemeim beeTSena
","ኮርማ ዎላጅቱ
"
"Kelibei wodia sewu, ah hey, ayawQishim’ina
","እምቧ በይ ላሚቱ: ላሚቱ
"
"Kelibei wodia sewu, ah hey, ayawQishim’ina
","እምቧ በይ ላሚቱ
"
"Libey Qulf norot, oh hoy, yemeekefet beehon
","እምቧ በይ ላሚቱ: ላሚቱ
"
"Libey Qulf norot, oh hoy, yemeekefet beehon
","ኮርማ ዎላጅቱ
"
"Tirejeelign neber, ah hey, lachi indeit endehon
","አይላክብሽም ኦሆ: ህመሜም ቢፀና
"
"Tirejeelign neber, ah hey, lachi indeit endehon
","አይላክብሽም ኦሆ: ህመሜም ቢፀና
"
"Alakorfim neber, oh hoy, aliQoTam neber
","ከልቤ ዎድያ ሰው አሄ: አያውቅሽምና
"
"Alakorfim neber, oh hoy, aliQoTam neber
","ከልቤ ዎድያ ሰው አሄ: አያውቅሽምና
"
"Siley menafeQein, ah hey, awuQeiw beneber
","ልቤ ቁልፍ ኖሮት ኦሆ: የሚከፈት ቢሆን
"
"Siley menafeQein, ah hey, awuQeiw beneber
","ልቤ ቁልፍ ኖሮት ኦሆ: የሚከፈት ቢሆን
"
"Embua bey lameetu, lameetu
","ትረጂልኝ ነበር አሄ: ላንቺ እንዴት እንደሆን
"
"Embua bey lameetu
","ትረጂልኝ ነበር አሄ: ላንቺ እንዴት እንደሆን
"
"Embua bey lameetu, lameetu
","አላኮርፍም ነበር ኦሆ: አልቆጣም ነበር
"
"Korma wolajitu
","አላኮርፍም ነበር ኦሆ: አልቆጣም ነበር
"
"Embua bey lameetu, lameetu
","ስለይ መናፈቄን አሄ: አውቄው ነበር
"
"Embua bey lameetu
","ስለይ መናፈቄን አሄ: አውቄው ነበር
"
"Embua bey lameetu, lameetu
","እምቧ በይ ላሚቱ: ላሚቱ
"
"Korma wolajitu
","እምቧ በይ ላሚቱ
"
"Keteraraw wodia, oh hoy, yemititayegn
","እምቧ በይ ላሚቱ: ላሚቱ
"
"Dersesh kezia mado, oh hoy, yemitnafiQeegn
","ኮርማ ዎላጅቱ
"
"Behilmeim bewuneim, ah hey, tiz yemitiyeegn
","እምቧ በይ ላሚቱ: ላሚቱ
"
"IndimeTa newu woy, ah hey, awurei endeebelagn
","እምቧ በይ ላሚቱ
"
"Libei ende’mendedu, oh hoy, fim’m alweredew
","እምቧ በይ ላሚቱ: ላሚቱ
"
"Libei ende’mendedu, oh hoy, fim’m alweredew
","ኮርማ ዎላጅቱ
"
"Ehil iyebela, ah hey, wuha iyaberedew
","ከተራራው ዎዲያ ኦሆ: የምትታይኝ
"
"Ehil iyebela, ah hey, wuha iyaberedew
","ደርሰሽ ከዚያ ማዶ ኦሆ: የምትናፍቂኝ
"
"Embua bey lameetu, lameetu
","በህልሜም በውኔም አሄ: ትዝ የምትይኝ
"
"Embua bey lameetu
","እንድመጣ ነው ዎይ አሄ: አውሬ እንዲበላኝ
"
"Embua bey lameetu, lameetu
","ልቤ እንደመንደዱ ኦሆ: ፍምም አልወረደው
"
"Korma wolajitu
","ልቤ እንደመንደዱ ኦሆ: ፍምም አልወረደው
"
"Alchil ahle anjetein, oh hoy, baTSnana baTSnana
","እህል እየበላ አሄ: ውሃ እያበረደው
"
"Alchil ahle anjetein, oh hoy, baTSnana baTSnana
","እህል እየበላ አሄ: ውሃ እያበረደው
"
"Tenesabign fiQrish, ah hey, zendirom end’amna
","እምቧ በይ ላሚቱ: ላሚቱ
"
"Tenesabign fiQrish, ah hey, zendirom end’amna
","እምቧ በይ ላሚቱ
"
"Ebakih QulQulet, oh ohy, atigeftregn
","እምቧ በይ ላሚቱ: ላሚቱ
"
"Ebakih QulQulet, oh ohy, atigeftregn
","ኮርማ ዎላጅቱ
"
"FiQriyen shegnichei, ah hey, Qomialehu dekmogn
","አልችል አለ አንጀቴን ኦሆ: ባፅናና ባፅናና
"
"FiQriyen shegnichei, ah hey, Qomialehu keftogn
","አልችል አለ አንጀቴን ኦሆ: ባፅናና ባፅናና
"
"MeTahum ahnd newu, oh hoy, Qerehum ahnd newu
","ተነሳብኝ ፍቅርሽ አሄ: ዘንድሮም እንዳምና
"
"MeTahum ahnd newu, oh hoy, Qerehum ahnd newu
","ተነሳብኝ ፍቅርሽ አሄ: ዘንድሮም እንዳምና
"
"Indeehu mehal laay, ah hey, mewalel mindinew
","እባክህ ቁልቁለት ኦሆ: አትገፍትረኝ
"
"Indeehu mehal laay, ah hey, mewalel mindinew
","እባክህ ቁልቁለት ኦሆ: አትገፍትረኝ
"
"Yeleilegnin hulu, oh hoy, alegn sil kerimey
","ፍቅርዬን ሸኝቼ አሄ: ቆሜያለው ደክሞኝ
"
"Yeleilegnin hulu, oh hoy, alegn sil kerimey
","ፍቅርዬን ሸኝቼ አሄ: ቆሜያለው ከፍቶኝ
"
"Qal’abay aregshign, ah hey, wushet hone hilmei
","መጣሁም አንድ ነው ኦሆ: ቀረሁም አንድ ነው
"
"Qal’abay aregshign, ah hey, wushet hone hilmei
","መጣሁም አንድ ነው ኦሆ: ቀረሁም አንድ ነው
"
"Embua bey lameetu, lameetu
","እንዲሁ መሃል ላይ አሄ: መዋለል ምንድነው
"
"Embua bey lameetu
","እንዲሁ መሃል ላይ አሄ: መዋለል ምንድነው
"
"Embua bey lameetu, lameetu
","የሌለኝን ሁሉ ኦሆ: አለኝ ስል ከርሜ
"
"Korma wolajitu
","የሌለኝን ሁሉ ኦሆ: አለኝ ስል ከርሜ
"
"Embua bey, embua bey lamei bora
","ቃል-አባይ አረግሽኝ አሄ: ውሸት ሆነ ህልሜ
"
"Yiblagn enji, jibu kanchi gara
","ቃል-አባይ አረግሽኝ አሄ ውሸት ሆነ ህልሜ
"
"Yiblagn enji, jibu kanchi gara
","እምቧ በይ ላሚቱ: ላሚቱ
"
"Embua bey, embua bey lamei bora
","እምቧ በይ ላሚቱ
"
"Yiblagn enji, jibu kanchi gara
","እምቧ በይ ላሚቱ: ላሚቱ
"
"Yiblagn enji, jibu kanchi gara
","ኮርማ ዎላጅቱ
"
wooo,"እምቧ በይ: እምቧ በይ ላሜ ቦራ
"
"Banchima, bibal, bitama ohhh ohhh
","ይብላኝ እንጂ: ጅቡ ካንቺ ጋራ
"
"Mech ineyn leegermegn ohhh ohhh
","ይብላኝ እንጂ: ጅቡ ካንቺ ጋራ
"
"LeedenQegn, ohhh ohhh
","እምቧ በይ: እምቧ በይ ላሜ ቦራ
"
"Neyilign neyina, aahhh aahhh
","ይብላኝ እንጂ: ጅቡ ካንቺ ጋራ
"
"ACHawuchign ohhh ohhhBanchima, bibal, bitama ohhh ohhh
","ይብላኝ እንጂ: ጅቡ ካንቺ ጋራ
"
"Mech ineyn leegermegn ohhh ohhh
",ዉ…
"LeedenQegn, ohhh ohhh
","ባንቺማ ብባል ብታማ ኦሆ ኦሆ
"
"Neyilign neyina, aahhh aahhh
","መች እኔን ሊገርመኝ ኦሆ ኦሆ
"
"ACHawuchign ohhh ohhh
","ሊደንቀኝ ኦሆ ኦሆ
"
"Ayichalehugn, sewu seegeremm
","ነይልኝ ነይና አሃ አሃ
"
"Banchi mamarr, ohhh
","አጫዉቺኝ ኦሆ ኦሆ
"
"Mamarr
","ባንቺማ ብባል ብታማ ኦሆ ኦሆ
"
"Keney-ga Qomesh, Qomesh sititayy
","መች እኔን ሊገርመኝ ኦሆ ኦሆ
"
"Ke-keminim belay, ohhh
","ሊደንቀኝ ኦሆ ኦሆ
"
"Keminim belay
","ነይልኝ ነይና አሃ አሃ
"
"Keminim belay, keminim belay
","አጫዉቺኝ ኦሆ ኦሆ
"
"Keminim belay, keminim belaaayyyy
","አይቻለሁኝ ሰው ሲገረም
"
"Des des yilegnal, neyiligna
","ባንቺ ማማር ኦሆ
"
"BeQa des yilegnal, neyiligna
","ማማር
"
"Des des yilegnal, neyiligna
","ከኔጋ ቆመሽ ቆመሽ ስትታይ
"
"BeQa des yilegnal, neyiligna
","ከ…ከምን በላይ ኦሆ
"
"Sitnori kegoney, heyy heyy
","ከምን በላይ
"
"Eney des yilegnal, neyiligna
","ከምንም በላይ ከምንም በላይ
"
"Des des yilegnal, neyiligna
","ከምንም በላይ ከምንም በላላላይይ
"
"BeQa des yilegnal, neyiligna
","ደስ ደስ ይለኛል ነይልኛ
"
"Sitnori kegoney, heyy heyy
","በቃ ደስ ይለኛል ነይልኛ
"
"Eney des yilegnalm neyiligna
","ደስ ደስ ይለኛል ነይልኛ
"
"Banchima, bibal, bitama ohhh ohhh
","በቃ ደስ ይለኛል ነይልኛ
"
"Mech ineyn leegermegn ohhh ohhh
","ስትኖሪ ከጎኔ ሄይ ሄይ
"
"LeedenQegn, ohhh ohhh
","እኔ ደስ ይለኛል ነይልኛ
"
"Neyilign neyina, aahhh aahhh
","ደስ ደስ ይለኛል ነይልኛ
"
"ACHawuchign ohhh ohhh
","በቃ ደስ ይለኛል ነይልኛ
"
"Derto CHewatawu, demQo mishitu
","ስትኖሪ ከጎኔ ሄይ ሄይ
"
"Anchin maTatu, ohhh ohhh
","እኔ ደስ ይለኛል ነይልኛ
"
"MaTatu
","ባንቺማ ብባል ብታማ ኦሆ ኦሆ
"
"Hulum seedeset, iney yikefagnal
","መች እኔን ሊገርመኝ ኦሆ ኦሆ
"
"Anchin yilegnal, ohhh ohhh
","ሊደንቀኝ ኦሆ
"
"Yilegnal
","ነይልኝ ነይና አሃ አሃ
"
"Keminim belay, keminim belay
","አጫዉቺኝ ኦሆ ኦሆ
"
"Keminim belay, keminim belaaayyyy
","ደርቶ ጨዋታው ደምቆ ምሽቱ
"
"Des des yilegnal, neyiligna
","አንቺን ማጣቱ ኦሆ ኦሆ
"
"BeQa des yilegnal, neyiligna
","ማጣቱ ኦሆ ኦሆ
"
"Des des yilegnal, neyiligna
","ሁሉም ሲደሰት እኔ እይከፋኝ
"
"BeQa des yilegnal, neyiligna
","አንቺን ይለኛል ኦሆ ኦሆ
"
"Sitnori kegoney, heyy heyy
","ይለኛል
"
"Eney des yilegnal, neyiligna
","ከምንም በላይ ከምንም በላይ
"
"Des des yilegnal, neyiligna
","ከምንም በላይ ከምንም በላላላይይ
"
"BeQa des yilegnal, neyiligna
","ደስ ደስ ይለኛል ነይልኛ
"
"Sitnori kegoney, heyy heyy
","በቃ ደስ ይለኛል ነይልኛ
"
"Eney des yilegnal
","ደስ ደስ ይለኛል ነይልኛ
"
"Neyiligna neyiligna, neyiligna neyiligna
","በቃ ደስ ይለኛል ነይልኛ
"
"Hey hey
","ስትኖሪ ከጎኔ ሄይ ሄይ
"
"Neyiligna neyiligna, neyiligna hey hey
","እኔ ደስ ይለኛል ነይልኛ
"
Neyiligna,"ደስ ደስ ይለኛል ነይልኛ
"
"Sewu hulu kemiaweralat
","በቃ ደስ ይለኛል ነይልኛ
"
"Ketebalelat belay nat
","ስትኖሪ ከጎኔ ሄይ ሄይ
"
"Eneym silesua binager
","እኔ ደስ ይለኛል ነይልኛ
"
"Bihonat emagn misikir
","ነይልኛ ነይልኛ ነይልኛ ነይልኛ
"
"Alafrim, besua ekoralew
","ሄይ ሄይ
"
"Endesua, amualto yadelew
","ነይልኛ ነይልኛ ነይልኛ ሄይ ሄይ
"
"Alafrim, bezich midirr
",ነይልኛ
"Sewu yelem, biye binagerr
","ሰው ሁሉ ከሚያወራላት
"
"Sewu hulu kemiaweralat
","ከተባለላት በላይ ናት
"
"Ketebalelat belay nat
","እኔም ስለሷ ብናገር
"
"Eneym silesua binager
","ብሆናት እማኝ ምስክር
"
"Bihonat emagn misikir
","አላፍርም በሷ እኮራለው
"
"Alafrim, besua ekoralew
","እንደሷ አሟልቶ ያደለው
"
"Endesua, amualto yadelew
","አላፍርም በዝች ምድር
"
"Alafrim, bezich midirr
","ሰው የለም ብዬ ብናገር
"
"Sewu yelem, biye binagerr
","ሰው ሁሉ ከሚያወራላት
"
"Qoyta enditiweded, hona tefeTralech
","ከተባለላት በላይ ናት
"
"Qerbo lastewalat, demo tileyalech
","እኔም ስለሷ ብናገር
"
"SeefeTrat, lemelkam seefeTrat
","ብሆናት እማኝ ምስክር
"
"SeefeTrat, ledeg argo feTruat
","አላፍርም በሷ እኮራለው
"
"Andebet, beekib biawedisat
","እንደሷ አሟልቶ ያደለው
"
"Esuan gin, yetum Qal aygelTSat
","አላፍርም በዝች ምድር
"
"Sewu hulu kemiaweralat
","ሰው የለም ብዬ ብናገር
"
"Ketebalelat belay nat
","ቆይታ እንድትወደድ ሆና ተፈጥራለች
"
"Eneym silesua binager
","ቀርቦ ላስተዋላት ደሞ ትለያለች
"
"Bihonat emagn misikir
","ሲፈጥራት ለመልካም ሲፈጥራት
"
"Alafrim, besua ekoralew
","ሲፈጥራት ለደግ አርጎ ፈጥሯት
"
"Endesua, amualto yadelew ohhh
","አንደበት ቢክብ ቢያወድሳት
"
"Alafrim, bezich midirr
","አሷ ግን የቱም ቃል አይገልፃት
"
"Sewu yelem, biye binagerr
","ሰው ሁሉ ከሚያወራላት
"
"Ende nigat TSehay, ende leyt CHereQa
","ከተባለላት በላይ ናት
"
"Besua tejemiro, wubet besua abeQa
","እኔም ስለሷ ብናገር
"
"SeefeTrat, lemelkam seefeTrat
","ብሆናት እማኝ ምስክር
"
"SeefeTrat, ledeg argo feTruat
","አላፍርም በሷ እኮራለው
"
"Andebet, beekib biawedisat
","እንደሷ አሟልቶ ያደለው ኦ
"
"Esuan gin, yetum Qal aygelTSat
","አላፍርም በዝች ምድር
"
"Sewu hulu kemiaweralat
","ሰው የለም ብዬ ብናገር
"
"Ketebalelat belay nat
","እንደ ንጋት ፀሐይ እንደ ሌት ጨረቃ
"
"Eneym silesua binager
","በሷ ተጀምሮ ውበት በሷ አበቃ
"
"Bihonat emagn misikir
","ሲፈጥራት ለመልካም ሲፈጥራት
"
"Alafrim, besua ekoralehu
","ሲፈጥራት ለደግ አርጎ ፈጥሯት
"
"Endesua, amualto yadelew ohhh
","አንደበት ቢክብ ቢያወድሳት
"
"Alafrim, bezich midirr
","አሷ ግን የቱም ቃል አይገልፃት
"
"Sewu yelem, biye binagerr
","ሰው ሁሉ ከሚያወራላት
"
"Sewu hulu kemiaweralat
","ከተባለላት በላይ ናት
"
"Ketebalelat belay nat
","እኔም ስለሷ ብናገር
"
"Eneym silesua binager
","ብሆናት እማኝ ምስክር
"
"Bihonat emagn misikir
","አላፍርም በሷ እኮራለው
"
"Alafrim, besua ekoralew
","እንደሷ አሟልቶ ያደለው ኦ
"
"Endesua, amualto yadelew","አላፍርም በዝች ምድር
"
"Ke’Mekonnen dildiy, kenCHet foQu belay
","ሰው የለም ብዬ ብናገር
"
"Seemesh enigenagn
","ሰው ሁሉ ከሚያወራላት
"
"MeTahu anchin biye, saykebdegn ermijaw
","ከተባለላት በላይ ናት
"
"Beseba derejaw
","እኔም ስለሷ ብናገር
"
"Besarian kot laay, yanin QeCHin kuta
","ብሆናት እማኝ ምስክር
"
"Tal arigey
","አላፍርም በሷ እኮራለው
"
"Be’Mekonnen dildiy, limTa bederejaw
",እንደሷ አሟልቶ ያደለው
"BePiassa arigey
","ከመኮንን ድልድይ: ከንጨት ፎቁ በላይ
"
"BefiQir maneQiaw, doro endayil bekentu
","ሲመሽ እንገናኝ
"
"Erri anchin wedo
","መጣሁ አንችን ብዬ: ሳይከብደኝ እርምጃው
"
"Kirarun sitisemi, biQ bey Qomialehu
","በሰባ ደረጃው
"
"Keberish mado
","በሳሪያን ኮት ላይ: ያንን ቀጭን ኩታ
"
"Seemesh wede-mata, mata mata
","ጣል አድርጌ
"
"Abeit yanchi fiQir seebereta
","በመኮንን ድልድይ: ልምጣ በደረጃው
"
"Seemesh wede-mata, mata mata
","በፒያሳ አርጌ
"
"BiQ bey seegeref, kirar seemeta
","በፍቅር ማነቂያው: ዶሮ እንዳይል በከንቱ
"
"Mata mata, mata mata
","እሪ አንችን ወዶ
"
"Mata mata, mata mata
","ክራሩን ስትሰሚ: ብቅ በይ ቆሚያለሁ
"
"Mata mata, mata mata
","ከበርሽ ማዶ
"
"Mata mata, mata mata
","ሲመሽ ወደማታ: ማታ ማታ
"
"Mata mata
","አቤት ያንቺ ፍቅር ሲበረታ
"
"AmTuat kegoney, tiQemeT
","ሲመሽ ወደማታ: ማታ ማታ
"
"Enjera ayQerbim, kaleweT
","ብቅ በይ ሲገረፍ: ክራር ሲመታ
"
"AQfo gelawan, alTegb yalew
","ማታ ማታ: ማታ ማታ
"
"Manew kalachihu, manew manew
","ማታ ማታ: ማታ ማታ
"
"Libei libei newu, libei irhabtegnaw
","ማታ ማታ: ማታ ማታ
"
"Esuan wedo, leit imaytegnaw
","ማታ ማታ: ማታ ማታ
"
"YiwuTa yiwTa, egrei yizal be’irmijaw
","ማታ ማታ
"
"Kesua aybisim, seba derejaw
","አምጧት ከጎኔ: ትቀመጥ
"
"Ohhh zebenay, ney zebenay
","እንጀራ አይቀርብም: ካለወጥ
"
"Zebenay zebenay
","አቅፎ ገላዋን: አልጠግብ ያለው
"
"Seemesh wede-mata
","ማነው ካላችሁ: ማነው ማነው
"
"Hulu zegto berun
","ልቤ ልቤ ነው: ልቤ እረሃብተኛው
"
"Tam taram saregew
","እሷን ወዶ: ሌት እማይተኛው
"
"BiQ bey kirarun
","ይውጣ ይውጣ: እግሬ ይዛል በርምጃው
"
"Tam-tararam tararam tararam
","ከሷ አይብስም: ሰባ ደረጃው
"
"Saregew kirarun
","ዎይ… ዘበናይ: ነይ ዘበናይ
"
"Tam-tararam tararam tararam
","ዘበናይ ዘበናይ
"
"TSegruan tetekusaw, ende’Armide Mary
","ሲመሽ ወደማታ
"
"Zebenay nat fiQruan, bekirar negari
","ሁሉ ዘግቶ በሩን
"
"Tam-tararam tararam tararam
","ታም ታራም ሳረገው
"
"Bekirar negari
","ብቅ በይ ክራሩን
"
"Tam-tararam tararam tararam
","ታም-ታራራም ታራራም ታራራም
"
"Heido keKorea, zemach seemeles
","ሳረገው ክራሩን
"
"Zemach seemeles
","ታም-ታራራም ታራራም ታራራም
"
"Yawesal nafQotun, bekiraru dimTS
","ፀጉሯን ተተኩሳው: እንዳርምዴ ሜሪ
"
"Bekiraru dimTS
","ዘበናይ ናት ፍቅሯን: በክራር ነጋሪ
"
"FiQrish asCHeniQo, melawos aQategn
","ታም-ታራራም ታራራም ታራራም
"
"Melawos aQategn
","በክራር ነጋሪ
"
"Tedenaberkulish, Tiyit endesategn
","ታም-ታራራም ታራራም ታራራም
"
"Tiyit endesategn
","ሄዶ ከኮሪያ: ዘማች ሲመለስ
"
"Satena neberkugn, tekuash bemewzerey
","ዘማች ሲመለስ
"
"Tekuash bemewzerey
","ያወሳል ናፍቆቱን: ብክራሩ ድምፅ
"
"Lezebenay bicha, ejein seTehu zarey
","ብክራሩ ድምፅ
"
"Ejein seTehu zarey
","ፍቅርሽ አስጨንቆ: መላዎስ አቃተኝ
"
"Ohhh zebenay, ney zebenay
","መላዎስ አቃተኝ
"
"Zebenay zebenay
","ተደናበርኩልሽ: ጥይት እንደሳተኝ
"
"Besarian kot laay, yanin QeCHin kuta
","ጥይት እንደሳተኝ
"
"Tal arigey
","ሳተና ነበርኩኝ: ተኳሽ በመውዘሬ
"
"Be’Mekonnen dildiy, limTa bederejaw
","ተኳሽ በመውዘሬ
"
"BePiassa arigey
","ለዘበናይ ብቻ: እጄን ሰጠሁ ዛሬ
"
"End’awra doro kinf, kotein iyesabkut
","እጄን ሰጠሁ ዛሬ
"
"Mereit lemereit
","ዎይ…ዘበናይ: ነይ ዘበናይ
"
"Bezorkut gelashin, satweTabign TSehay
","ዘበናይ ዘበናይ
"
"Saynegabign leit
","በሳሪያን ኮት ላይ: ያንን ቀጭን ኩታ
"
"Seemesh wede-mata, mata mata
","ጣል አድርጌ
"
"Abeit yanchi fiQir seebereta
","በመኮንን ድልድይ: ልምጣ በደረጃው
"
"Seemesh wede-mata, mata mata
","በፒያሳ አርጌ
"
"BiQ bey seegeref, kirar seemeta
","እንዳውራ ዶሮ ክንፍ: ኮቴን እየሳብኩት
"
"Mata mata, mata mata
","መሬት ለመሬት
"
"Mata mata, mata mata
","በዞርኩት ገላሽን: ሳትወጣብኝ ፀሐይ
"
"Mata mata, mata mata
","ሳይነጋብኝ ሌት
"
"Mata mata, mata mata
","ሲመሽ ወደማታ: ማታ ማታ
"
"Mata mata
","አቤት ያንቺ ፍቅር ሲበረታ
"
"Molto b’Arada, Y’Armen dabo
","ሲመሽ ወደማታ: ማታ ማታ
"
"Sassa akelatei, sewu teribo
","ብቅ በይ ሲገረፍ: ክራር ሲመታ
"
"AQfo gelawan, alTegb yalewu
","ማታ ማታ: ማታ ማታ
"
"Manew kalachihu, manew manew
","ማታ ማታ: ማታ ማታ
"
"Libei libei newu, libei irhabtegnaw
","ማታ ማታ: ማታ ማታ
"
"Esuan wedo, leit imaytegnaw
","ማታ ማታ: ማታ ማታ
"
"YiwuTa yiwTa, egrei yizal be’irmijaw
","ማታ ማታ
"
"Kesua aybisim, seba derejaw
","ሞልቶ ባራዳ: ያርመን ዳቦ
"
"Ohhh zebenay, ney zebenay
","ሳሳ አከላቴ: ሰው ተርቦ
"
"Zebenay zebenay
","አቅፎ ገላዋን: አልጠግብ ያለው
"
"AyweTam dereja, beefeTir seishento
","ማነው ካላችሁ: ማነው ማነው
"
"Endeney kalheide, befiQir tegefto
","ልቤ ልቤ ነው: ልቤ እረሃብተኛው
"
"Tam-tararam tararam tararam
","እሷን ወዶ: ሌት እማይተኛው
"
"BefiQir tegefto
","ይውጣ ይውጣ: እግሬ ይዛል በርምጃው
"
"Tam-tararam tararam tararam
","ከሷ አይብስም: ሰባ ደረጃው
"
"Medferiash werQ newu
","ዎይ… ዘበናይ: ነይ ዘበናይ
"
"Birr’m aygezash
","ዘበናይ ዘበናይ
"
"Lib yeleilew habil, gid’m ayseTish
","አይወጣም ደረጃ: ቢፈጥር ሴሸኝቶ
"
"Keiredash
","እንደኔ ካልሄደ: በፍቅር ተገፍቶ
"
"Tam-tararam tararam tararam
","ታም-ታራራም ታራራም ታራራም
"
"Gid’m ayseTish
","በፍቅር ተገፍቶ
"
"Tam-tararam tararam tararam
","ታም-ታራራም ታራራም ታራራም
"
"Kangetish laay argeegn
","መድፈሪያሽ ወርቅ ነው
"
"Ende Mar- Theresa
","ብርም አይገዛሽ
"
"Ende Mar- Theresa
","ልብ የሌለው ሀብል: ግድም አይሰጥሽ
"
"Wodih wodia endalil
","ኬረዳሽ
"
"Adeb endigeza
","ታም-ታራራም ታራራም ታራራም
"
"Adeb endigeza
","ግድም አይሰጥሽ
"
"Tekelekele allu, yenigus adarash
","ታም-ታራራም ታራራም ታራራም
"
"Yenigus adarash
","ካንገትሽ ላይ አርጊኝ
"
"Yekit yalebese, aygebam beCHirash
","እንደማር ተሬዛ
"
"Aygebam beCHirash
","እንደማር ተሬዛ
"
"MeTahu keKora, yijeilish se’at
","ወዲህ ወዲያ እንዳልል
"
"Yijeilish se’at
","አደብ እንድገዛ
"
"BePari modish laay, amresh tayibet
","አደብ እንድገዛ
"
"Amresh tayibet
","ተከለከለ አሉ: የንጉሥ አዳራሽ
"
"Ohhh zebenay, ney zebenay
","የንጉሥ አዳራሽ
"
"Zebenay zebenay
","የክት ያለበሰ: አይገባም በጭራሽ
"
"Zenan enanaye, tey ahun ney
","አይገባም በጭራሽ
"
"Ahun ney
","መጣሁ ከኮሪያ: ይዤልሽ ሰዓት
"
"Zenan enanaye, tey ahun ney
","ይዤልሽ ሰዓት
"
"Ahun ney, ahun ney
","በፓሪ ሞድሽ ላይ: አምረሽ ታይበት
"
"Zenan enanaye, tey ahun ney
","አምረሽ ታይበት
"
"Ahun ney, ahun ney
","ዎይ… ዘበናይ: ነይ ዘበናይ
"
"Zenan enanaye, tey ahun ney
","ዘበናይ ዘበናይ
"
"Ahun ney, ahun ney","ዘናይ እናናዬ: ተይ አሁን ነይ
"
"Yetizitaye inat, yesimeitey emebeit
","አሁን ነይ
"
"Yefilagotey minCH, y’ediley balebeit
","ዘናይ እናናዬ: ተይ አሁን ነይ
"
"Yemitastawusheegn, yalefkutin desta
","አሁን ነይ አሁን ነይ
"
"Anchi bicha iko nesh, yeney lib alegnta
","ዘናይ እናናዬ: ተይ አሁን ነይ
"
"Yasalefnew zemen, destan yayenibet
","አሁን ነይ አሁን ነይ
"
"Temeliso beegegn, ahun min’alebet
","ዘናይ እናናዬ: ተይ አሁን ነይ
"
"Yasalefnew zemen, destan yayenibet
",አሁን ነይ አሁን ነይ
"Temeliso beegegn, ahun min’alebet
","የትዝታዬ እናት የስሜቴ እመቤት
"
"Ehhhh ehhhh…ehhhh ehhhh
","የፍላጎቴ ምንጭ የእድሌ ባለቤት
"
"Ehhh ehhh ehhh
","የምታስታውሺኝ ያለፍኩትን ደስታ
"
"Ahhhyee…ehhhh ehhhhh
","አንቺ ብቻኮ ነሽ የኔ ልብ አለኝታ
"
"YeteCHawetnewun, mingizeim alresam
","ያሳለፍነው ዘመን ደስታን ያየንበት
"
"Indeeh teleyayten, benafQot bikesam
","ተመልሶ ቢገኝ አሁን ምናለበት
"
"Aykedashim libey, sewu mekdat? ayawuQim
","ያሳለፍነው ዘመን ደስታን ያየንበት
"
"Iskeeleyay diress, keleQso kesaQim
","ተመልሶ ቢገኝ አሁን ምናለበት
"
"Yasalefnew zemen, destan yayenibet
","እህ እህ…እህ እህ
"
"Temeliso beegegn, ahun min’alebet
","እህ እህ እህ
"
"Yasalefnew zemen, destan yayenibet
","አሄ…አህ አህ
"
"Temeliso beegegn, ahun min’alebet
","የተጫወትነዉን ምንግዜም አልረሳም
"
"Ehhhh ehhhh…ehhhh ehhhh
","እንዲህ ተለያይተን በናፍቅት ብከሳም
"
"Ehhh ehhh ehhh
","አይከዳሽም ልቤ ሰው መክዳት አያውቅም
"
"Ahhh…ehhhh ehhhhh
","እስኪለያይ ድረስ ከለቅሶ ከሳቅም
"
"Wubet’shin indalay, iriQeim markotal
","ያሳለፍነው ዘመን ደስታን ያየንበት
"
"Libey gin gilTS newu, tey simeegn
","ተመልሶ ቢገኝ አሁን ምናለበት
"
"Mezgibo yizotal
","ያሳለፍነው ዘመን ደስታን ያየንበት
"
"B’akal balayishim, woy b’hasab gisigasey
","ተመልሶ ቢገኝ አሁን ምናለበት
"
"AlteneTaTelum, aawo nefsish ina nefsey
","እህ እህ…እህ እህ
"
"Yasalefnew zemen, destan yayenibet
","እህ እህ እህ
"
"Temeliso beegegn, ahun min’alebet
","አሄ…አህ አህ
"
"Yasalefnew zemen, destan yayenibet
","ዉበትሽን እንዳላይ እርቄም ማርኮታል
"
"Temeliso beegegn, ahun min’alebet
","ልቤ ግን ግልፅ ነው ተይ ስሚኝ
"
"Ehhhh ehhhh…ehhhh ehhhh
","መዝግቦ ይዞታል
"
"Ehhh ehhh ehhh
","ባካል ባላይሽም ወይ ባሳብ ግስጋሴ
"
Ahhhyee…ehhhh ehhhhh,"አልተነጣጠልንም አዎ ነፍስሽ እና ነፍሴ
"
"Kuru nigist, yeseit arbegna
","ያሳለፍነው ዘመን ደስታን ያየንበት
"
"Atinkugn baay, fird-aweQ dagna
","ተመልሶ ቢገኝ አሁን ምናለበት
"
"LeneTSanet, fana yehonech
","ያሳለፍነው ዘመን ደስታን ያየንበት
"
"Bilih jeg’na, emebeit manech
","ተመልሶ ቢገኝ አሁን ምናለበት
"
"Ereg ereg, endeit beedereg
","እህ እህ…እህ እህ
"
"Yemiresat, yerasein me’areg
","እህ እህ እህ
"
"TSehay hona, hager yamoQat
",አሄ…አህ አህ
"Feet-awurari, alem yaweQat
","ኩሩ ንግስት: የሴት አርበኛ
"
"Taitu eteigeiyitu, Taitu emebeititu
","አትንኩኝ ባይ: ፍርድ አወቅ ዳኛ
"
"Taitu eteigeiyitu, Taitu emebeititu
","ለነፃነት: ፋና የሆነች
"
"Taitu eteigeiyitu, Taitu emebeititu
","ባህል ጀግና: እመቤት ማነች
"
"Taitu eteigeiyitu, Taitu emebeititu
","ኧረግ ኧረግ: እንዴት ቢደረግ
"
"KewerQim werQ, esat yefetenat
","የምረሳት: የራሴን ማዕረግ
"
"Leneim lanchim, yemenfes nigat nat
","ፀሐይ ሆና: ሀገር ያቆማት
"
"Feet-awurari, emet-melayitu
","ፊታውራሪ: ዓለም ያወቃት
"
"CHinQ-Qenin, yanegach Taitu
","ጣይቱ እቴጌይቱ: ጣይቱ እመቤቲቱ
"
"Taitu eteigeiyitu, Taitu emebeititu
","ጣይቱ እቴጌይቱ: ጣይቱ እመቤቲቱ
"
"Taitu eteigeiyitu, Taitu emebeititu
","ጣይቱ እቴጌይቱ: ጣይቱ እመቤቲቱ
"
"Adwa laay, zemta yazemetech
","ጣይቱ እቴጌይቱ: ጣይቱ እመቤቲቱ
"
"Deg emebeit, fiQir awaQi nech
","ከወርቅም ወርቅ: እሳት የፈተናት
"
"Yager-enat, yachi libe-birtu
","ለኔም ላንቺም: የመንፈስ ንጋት ናት
"
"Belibei wusT, bertalech Taitu
","ፊታውራሪ: እመት መላይቱ
"
"Taitu eteigeiyitu, Taitu emebeititu
","ጭንቅ ቀንን: ያነጋች ጣይቱ
"
"Taitu eteigeiyitu, Taitu emebeititu
","ጣይቱ እቴጌይቱ: ጣይቱ እመቤቲቱ
"
"Taitu eteigeiyitu, Taitu emebeititu
","ጣይቱ እቴጌይቱ: ጣይቱ እመቤቲቱ
"
"Taitu eteigeiyitu, Taitu emebeititu
","አድዋ ላይ: ዘምታ ያዘመተች
"
"Aaanchi yager enat
","ደግ እመቤት: ፍቅር አዋቂ ነች
"
"Emet melayitu
","ያገር እናት: ያቺ ልበ ብርቱ
"
"Aaanchi yager enat
","በልቤ ውስጥ: በርታለች ጣይቱ
"
"Emet melayitu
","ጣይቱ እቴጌይቱ: ጣይቱ እመቤቲቱ
"
"Zareim belibei wusT, bertalech Taitu
","ጣይቱ እቴጌይቱ: ጣይቱ እመቤቲቱ
"
"Yejegnawa lij negn, yeTaitu firei
","ጣይቱ እቴጌይቱ: ጣይቱ እመቤቲቱ
"
"YeQurT-Qen bilhat, eneim alegn zarei
","ጣይቱ እቴጌይቱ: ጣይቱ እመቤቲቱ
"
"Mech feri negn ena, wedehuala elalehu
","አአአንቺ ያገር እናት
"
"Kasebkut edersalehu, talaQ ehonalehu
","እመት መላይቱ
"
"Zeraf, zeraf biyalehu, bejegnawa enatei
","አአአንቺ ያገር እናት
"
"Wurd kerasei, leza Telatei
","እመት መላይቱ
"
"WedQo salayewu, anilaQeQim
","ዛሬም በልቤ ውስጥ: በርታለች ጣይቱ
"
"Yemin firacha, tarik saldegim
","የጀግናዋ ልጅ ነኝ: የጣይቱ ፍሬ
"
"Taitu malet, enei negn zarei
","የቁርጥ ቀን ብልሃት: እኔም አለኝ ዛሬ
"
"Alehulish baay, lenat hagerei
","መች ፈሪ ነኝና: ወደኋላ እላለሁ
"
"Bahle’meftihey, yesikeit angash
","ካሰብኩት እደርሳለሁ: ታላቅ እሆናለሁ
"
"Yan jeg’ninetuan, enei negn werash
","ዘራፍ ዘራፍ ብያለሁ: በጀግናዋ እናቴ
"
"Zeraf, zeraf
","ውርድ ከራሴ: ለዛ ጠላቴ
"
"Emiyen akbiruat, esuam akbiraw
","ወድቆ ሳላየው: አንላቀቅም
"
"Benigistu bilhat, hager yemeraw
","የምን ፍራቻ: ታሪክ ሳልደግም
"
"Ye’edget meseretu, yemaleda CHora
","ጣይቱ ማለት: እኔ ነኝ ዛሬ
"
"Minilik wend newu, beseit yemeeTera
","አለሁልሽ ባይ: ለናት ሀገሬ
"
"Emiye Minilik, gizein Qedmo neQto
","ባለ መፍትሄ: የስኬት አንጋሽ
"
"Le’Etegei Taitu tiliQ bota seto
","ያን ጀግንነቷን: እኔ ነኝ ወራሽ
"
"Lik ende’majetua, Toruan azegajta
","ዘራፍ ዘራፍ
"
"Hagerun merachiwu, bewenei temolta
","እምዬን አክብሯት: እሷም አክብራው
"
"YeTaitun demn, jeg’ninet wersenal
","በንግስቱ ብልሐት: ሀገር የመራው
"
"Kalemnew saniders, man yimelisenal
","የዕድገት መሰረቱ: የማለዳ ጮራ
"
"Simua enkuan sinQ newu, libin yaberetal
","ምኒሊክ ወንድ ነው: በሴት የሚጠራ
"
"Zinawan yesema, mech yafegefigal
","እምዬ ምኒሊክ: ጊዜን ቀድሞ ነቅቶ
"
"Mech yafegefigal, mech yafegefigal
","ለእቴጌ ጣይቱ: ትልቅ ቦታ ሰቶ
"
"Mech yafegefigal, mech yafegefigal
","ልክ እንደ ማጀቷ: ጦሯን አዘጋጅታ
"
"Mech yafegefigal, mech yafegefigal
","ሃገሩን መራችው: በወኔ ተሞልታ
"
"Mech yafegefigal, mech yafegefigal
","የጣይቱን ደምን: ጀግንነት ወርሰናል
"
"Taitu eteigeiyitu, Taitu emebeititu
","ካለምነው ሳንደርስ: ማን ይመልሰናል
"
"Taitu eteigeiyitu, Taitu emebeititu
","ስሟ እንኳን ስንቅ ነው: ልብን ያበረታል
"
"Taitu eteigeiyitu, Taitu emebeititu
","ዝናዋን የሰማ: መች ያፈገፍጋል
"
"Taitu eteigeiyitu, Taitu emebeititu","መች ያፈገፍጋል: መች ያፈገፍጋል
"
"Mistih beTam funga nat
","መች ያፈገፍጋል: መች ያፈገፍጋል
"
"Funga keney yebasech
","መች ያፈገፍጋል: መች ያፈገፍጋል
"
"Anten mesay adelat
","መች ያፈገፍጋል: መች ያፈገፍጋል
"
"Qedma silalferedech
","ጣይቱ እቴጌይቱ: ጣይቱ እመቤቲቱ
"
"Ante beTam Qonjo neh
","ጣይቱ እቴጌይቱ: ጣይቱ እመቤቲቱ
"
"Qonjo Qalu yansihal
","ጣይቱ እቴጌይቱ: ጣይቱ እመቤቲቱ
"
"Eskemit’hon misaley
","ጣይቱ እቴጌይቱ: ጣይቱ እመቤቲቱ
"
"Manim yismamabihal
","ጣይቱ እቴጌይቱ: ጣይቱ እመቤቲቱ
"
"Endesu satawQegnbefeet
","ጣይቱ እቴጌይቱ: ጣይቱ እመቤቲቱ
"
"Saymolalih mefaQer
","ጣይቱ እቴጌይቱ: ጣይቱ እመቤቲቱ
"
"Silezeeh yefQir guday
","ጣይቱ እቴጌይቱ: ጣይቱ እመቤቲቱ
"
"Anegagrehegn neber
",ዜማውን ያካፍሉ!
"Hulemenash dess alegn
","ሚስትህ በጣም ፉንጋ ናት
"
"AfeQerkush satilegn
","ፉንጋ ከኔ የባሰች
"
"Alamenkuhim CHirash
","አንተን መሳይ አደላት
"
"SitQelid newu yemeselegn
","ቀድማ ስላልፈረደች
"
"Seebal emawQewu
","አንተ በጣም ቆንጆ ነህ
"
"Demo yewend Qonjo
","ቆንጆ ቃሉ ያንስሃል
"
"Libeim seefera
","እስከምቶን ምሳሌ
"
"Endaligoda
","ማንም ይስማማብሃል
"
"Demo yewend Qonjo
","እንደሱ ሳታውቀኝ በፊት
"
"Endatikora
","ሳይሞላልህ መፋቀር
"
"Seebal emawQewu
","ስለዚህ የፍቅር ጉዳይ
"
"Demo yewend Qonjo
","አነጋግረኸኝ ነበር
"
"Libeim seefera
","ሁለመናሽ ደስ አለኝ
"
"Endaligoda
","አፈቀርኩሽ ስትለኝ
"
"Demo yewend Qonjo
","አላመንኩህም ጭራሽ
"
"Endatikora
","ስትቀልድ ነው የመሰለኝ
"
"Meestih ejig funga nat
","ሲባል እማውቀው
"
"Ante altayeh endeza
","ደሞ የወንድ ቆንጆ
"
"Hodein eskiyamegn Qenahu
","ልቤም ሲፈራ
"
"Alifeih endewaza
","እንዳልጎዳ
"
"Ante beTam Qonjo neh
","ደሞ የወንድ ቆንጆ
"
"Bemiyanegagir aynet
","እንዳትኮራ
"
"Bewunet gira yigebal
","ሲባል እማውቀው
"
"Anten kesuaga mayet
","ደሞ የወንድ ቆንጆ
"
"Wedehuala melesegn
","ልቤም ሲፈራ
"
"Asasebegn silegna
","እንዳልጎዳ
"
"Yefelalekegn semon
","ደሞ የወንድ ቆንጆ
"
"Endihonih fiQregna
","እንዳትኮራ
"
"Qonjo wend maQreb Tirfu
","ሚስትህ እጅግ ፉንጋ ናት
"
"Alba biye mekera
","አንተ አልታየህ እንደዛ
"
"Libein tekelakiyew
","ሆዴን እስኪያመኝ ቀናሁ
"
"Korahubih satkora
","አልፌህ እንደዋዛ
"
"Seebal emawQewu
","አንተ በጣም ቆንጆ ነህ
"
"Demo yewend Qonjo
","በሚያነጋግር አይነት
"
"Libeim seefera
","በእውነት ግራ ይገባል
"
"Endaligoda
","አንተን ከሷጋ ማየት
"
"Demo yewend Qonjo
","ወደኋላ መለሰኝ
"
"Endatikora
","አሳሰበኝ ስለኛ
"
"Seebal emawQewu
","የፈላለከኝ ሰሞን
"
"Demo yewend Qonjo
","እንድሆንህ ፍቅረኛ
"
"Libeim seefera
","ቆንጆ ወንድ ማቅረብ ትርፉ
"
"Endaligoda
","አልባ ብዬ መከራ
"
"Demo yewend Qonjo
","ልቤን ተከላክዬው
"
"Endatikora
","ኮራሁብህ ሳትኮራ
"
"Esua gin amenechih
","ሲባል እማውቀው
"
"Tinishinet sayisemat
","ደሞ የወንድ ቆንጆ
"
"Funga salech sitamrih
","ልቤም ሲፈራ
"
"Temamna endemitigebat
","እንዳልጎዳ
"
"Esua gin amenechih
","ደሞ የወንድ ቆንጆ
"
"Keshifanei alfa ayechih
","እንዳትኮራ
"
"Meezanihim tereta
","ሲባል እማውቀው
"
"Antenim bezawu seferechih
","ደሞ የወንድ ቆንጆ
"
"Eresu Qonjo new
","ልቤም ሲፈራ
"
"Libei fera fera fera
","እንዳልጎዳ
"
"Qonjo Qonjo new
","ደሞ የወንድ ቆንጆ
"
"Libei fera fera fera
","እንዳትኮራ
"
"Seebal emawQewu
","እሷ ግን አመነችህ
"
"Demo yewend Qonjo
","ትንሽነት ሳይሰማት
"
"Libeim seefera
","ፉንጋ ሳለች ስታምርህ
"
"Endaligoda biye
","ተማምና እንደምትገባት
"
"Demo yewend Qonjo
","እሷ ግን አመነችህ
"
"Antem endatikora
","ከሽፋኔ አልፋ አየችህ
"
"Seebal emawQew
","ሚዛንህም ተረታ
"
"Demo yewend Qonjo
","አንተንም በዛው ሰፈረችህ
"
"Endaligoda biye
","ኧረሱ ቆንጆ ነው
"
"Demo yewend Qonjo
","ልቤ ፈራ ፈራ ፈራ
"
"Endatikora
","ቆንጆ ቆንጆ ነው
"
"Demo yewend Qonjo
","ልቤ ፈራ ፈራ ፈራ
"
"Demo yewend Qonjo
","ሲባል እማውቀው
"
"Libei fera fera fera
","ደሞ የወንድ ቆንጆ
"
Libei fera fera fera,"ልቤም ሲፈራ
"
